"Label (Grouping)","California!!Total!!Estimate","California!!Total!!Margin of Error","California!!Male!!Estimate","California!!Male!!Margin of Error","California!!Female!!Estimate","California!!Female!!Margin of Error","Alameda County, California!!Total!!Estimate","Alameda County, California!!Total!!Margin of Error","Alameda County, California!!Male!!Estimate","Alameda County, California!!Male!!Margin of Error","Alameda County, California!!Female!!Estimate","Alameda County, California!!Female!!Margin of Error","Butte County, California!!Total!!Estimate","Butte County, California!!Total!!Margin of Error","Butte County, California!!Male!!Estimate","Butte County, California!!Male!!Margin of Error","Butte County, California!!Female!!Estimate","Butte County, California!!Female!!Margin of Error","Contra Costa County, California!!Total!!Estimate","Contra Costa County, California!!Total!!Margin of Error","Contra Costa County, California!!Male!!Estimate","Contra Costa County, California!!Male!!Margin of Error","Contra Costa County, California!!Female!!Estimate","Contra Costa County, California!!Female!!Margin of Error","El Dorado County, California!!Total!!Estimate","El Dorado County, California!!Total!!Margin of Error","El Dorado County, California!!Male!!Estimate","El Dorado County, California!!Male!!Margin of Error","El Dorado County, California!!Female!!Estimate","El Dorado County, California!!Female!!Margin of Error","Fresno County, California!!Total!!Estimate","Fresno County, California!!Total!!Margin of Error","Fresno County, California!!Male!!Estimate","Fresno County, California!!Male!!Margin of Error","Fresno County, California!!Female!!Estimate","Fresno County, California!!Female!!Margin of Error","Humboldt County, California!!Total!!Estimate","Humboldt County, California!!Total!!Margin of Error","Humboldt County, California!!Male!!Estimate","Humboldt County, California!!Male!!Margin of Error","Humboldt County, California!!Female!!Estimate","Humboldt County, California!!Female!!Margin of Error","Imperial County, California!!Total!!Estimate","Imperial County, California!!Total!!Margin of Error","Imperial County, California!!Male!!Estimate","Imperial County, California!!Male!!Margin of Error","Imperial County, California!!Female!!Estimate","Imperial County, California!!Female!!Margin of Error","Kern County, California!!Total!!Estimate","Kern County, California!!Total!!Margin of Error","Kern County, California!!Male!!Estimate","Kern County, California!!Male!!Margin of Error","Kern County, California!!Female!!Estimate","Kern County, California!!Female!!Margin of Error","Kings County, California!!Total!!Estimate","Kings County, California!!Total!!Margin of Error","Kings County, California!!Male!!Estimate","Kings County, California!!Male!!Margin of Error","Kings County, California!!Female!!Estimate","Kings County, California!!Female!!Margin of Error","Lake County, California!!Total!!Estimate","Lake County, California!!Total!!Margin of Error","Lake County, California!!Male!!Estimate","Lake County, California!!Male!!Margin of Error","Lake County, California!!Female!!Estimate","Lake County, California!!Female!!Margin of Error","Los Angeles County, California!!Total!!Estimate","Los Angeles County, California!!Total!!Margin of Error","Los Angeles County, California!!Male!!Estimate","Los Angeles County, California!!Male!!Margin of Error","Los Angeles County, California!!Female!!Estimate","Los Angeles County, California!!Female!!Margin of Error","Madera County, California!!Total!!Estimate","Madera County, California!!Total!!Margin of Error","Madera County, California!!Male!!Estimate","Madera County, California!!Male!!Margin of Error","Madera County, California!!Female!!Estimate","Madera County, California!!Female!!Margin of Error","Marin County, California!!Total!!Estimate","Marin County, California!!Total!!Margin of Error","Marin County, California!!Male!!Estimate","Marin County, California!!Male!!Margin of Error","Marin County, California!!Female!!Estimate","Marin County, California!!Female!!Margin of Error","Mendocino County, California!!Total!!Estimate","Mendocino County, California!!Total!!Margin of Error","Mendocino County, California!!Male!!Estimate","Mendocino County, California!!Male!!Margin of Error","Mendocino County, California!!Female!!Estimate","Mendocino County, California!!Female!!Margin of Error","Merced County, California!!Total!!Estimate","Merced County, California!!Total!!Margin of Error","Merced County, California!!Male!!Estimate","Merced County, California!!Male!!Margin of Error","Merced County, California!!Female!!Estimate","Merced County, California!!Female!!Margin of Error","Monterey County, California!!Total!!Estimate","Monterey County, California!!Total!!Margin of Error","Monterey County, California!!Male!!Estimate","Monterey County, California!!Male!!Margin of Error","Monterey County, California!!Female!!Estimate","Monterey County, California!!Female!!Margin of Error","Napa County, California!!Total!!Estimate","Napa County, California!!Total!!Margin of Error","Napa County, California!!Male!!Estimate","Napa County, California!!Male!!Margin of Error","Napa County, California!!Female!!Estimate","Napa County, California!!Female!!Margin of Error","Nevada County, California!!Total!!Estimate","Nevada County, California!!Total!!Margin of Error","Nevada County, California!!Male!!Estimate","Nevada County, California!!Male!!Margin of Error","Nevada County, California!!Female!!Estimate","Nevada County, California!!Female!!Margin of Error","Orange County, California!!Total!!Estimate","Orange County, California!!Total!!Margin of Error","Orange County, California!!Male!!Estimate","Orange County, California!!Male!!Margin of Error","Orange County, California!!Female!!Estimate","Orange County, California!!Female!!Margin of Error","Placer County, California!!Total!!Estimate","Placer County, California!!Total!!Margin of Error","Placer County, California!!Male!!Estimate","Placer County, California!!Male!!Margin of Error","Placer County, California!!Female!!Estimate","Placer County, California!!Female!!Margin of Error","Riverside County, California!!Total!!Estimate","Riverside County, California!!Total!!Margin of Error","Riverside County, California!!Male!!Estimate","Riverside County, California!!Male!!Margin of Error","Riverside County, California!!Female!!Estimate","Riverside County, California!!Female!!Margin of Error","Sacramento County, California!!Total!!Estimate","Sacramento County, California!!Total!!Margin of Error","Sacramento County, California!!Male!!Estimate","Sacramento County, California!!Male!!Margin of Error","Sacramento County, California!!Female!!Estimate","Sacramento County, California!!Female!!Margin of Error","San Bernardino County, California!!Total!!Estimate","San Bernardino County, California!!Total!!Margin of Error","San Bernardino County, California!!Male!!Estimate","San Bernardino County, California!!Male!!Margin of Error","San Bernardino County, California!!Female!!Estimate","San Bernardino County, California!!Female!!Margin of Error","San Diego County, California!!Total!!Estimate","San Diego County, California!!Total!!Margin of Error","San Diego County, California!!Male!!Estimate","San Diego County, California!!Male!!Margin of Error","San Diego County, California!!Female!!Estimate","San Diego County, California!!Female!!Margin of Error","San Francisco County, California!!Total!!Estimate","San Francisco County, California!!Total!!Margin of Error","San Francisco County, California!!Male!!Estimate","San Francisco County, California!!Male!!Margin of Error","San Francisco County, California!!Female!!Estimate","San Francisco County, California!!Female!!Margin of Error","San Joaquin County, California!!Total!!Estimate","San Joaquin County, California!!Total!!Margin of Error","San Joaquin County, California!!Male!!Estimate","San Joaquin County, California!!Male!!Margin of Error","San Joaquin County, California!!Female!!Estimate","San Joaquin County, California!!Female!!Margin of Error","San Luis Obispo County, California!!Total!!Estimate","San Luis Obispo County, California!!Total!!Margin of Error","San Luis Obispo County, California!!Male!!Estimate","San Luis Obispo County, California!!Male!!Margin of Error","San Luis Obispo County, California!!Female!!Estimate","San Luis Obispo County, California!!Female!!Margin of Error","San Mateo County, California!!Total!!Estimate","San Mateo County, California!!Total!!Margin of Error","San Mateo County, California!!Male!!Estimate","San Mateo County, California!!Male!!Margin of Error","San Mateo County, California!!Female!!Estimate","San Mateo County, California!!Female!!Margin of Error","Santa Barbara County, California!!Total!!Estimate","Santa Barbara County, California!!Total!!Margin of Error","Santa Barbara County, California!!Male!!Estimate","Santa Barbara County, California!!Male!!Margin of Error","Santa Barbara County, California!!Female!!Estimate","Santa Barbara County, California!!Female!!Margin of Error","Santa Clara County, California!!Total!!Estimate","Santa Clara County, California!!Total!!Margin of Error","Santa Clara County, California!!Male!!Estimate","Santa Clara County, California!!Male!!Margin of Error","Santa Clara County, California!!Female!!Estimate","Santa Clara County, California!!Female!!Margin of Error","Santa Cruz County, California!!Total!!Estimate","Santa Cruz County, California!!Total!!Margin of Error","Santa Cruz County, California!!Male!!Estimate","Santa Cruz County, California!!Male!!Margin of Error","Santa Cruz County, California!!Female!!Estimate","Santa Cruz County, California!!Female!!Margin of Error","Shasta County, California!!Total!!Estimate","Shasta County, California!!Total!!Margin of Error","Shasta County, California!!Male!!Estimate","Shasta County, California!!Male!!Margin of Error","Shasta County, California!!Female!!Estimate","Shasta County, California!!Female!!Margin of Error","Solano County, California!!Total!!Estimate","Solano County, California!!Total!!Margin of Error","Solano County, California!!Male!!Estimate","Solano County, California!!Male!!Margin of Error","Solano County, California!!Female!!Estimate","Solano County, California!!Female!!Margin of Error","Sonoma County, California!!Total!!Estimate","Sonoma County, California!!Total!!Margin of Error","Sonoma County, California!!Male!!Estimate","Sonoma County, California!!Male!!Margin of Error","Sonoma County, California!!Female!!Estimate","Sonoma County, California!!Female!!Margin of Error","Stanislaus County, California!!Total!!Estimate","Stanislaus County, California!!Total!!Margin of Error","Stanislaus County, California!!Male!!Estimate","Stanislaus County, California!!Male!!Margin of Error","Stanislaus County, California!!Female!!Estimate","Stanislaus County, California!!Female!!Margin of Error","Sutter County, California!!Total!!Estimate","Sutter County, California!!Total!!Margin of Error","Sutter County, California!!Male!!Estimate","Sutter County, California!!Male!!Margin of Error","Sutter County, California!!Female!!Estimate","Sutter County, California!!Female!!Margin of Error","Tulare County, California!!Total!!Estimate","Tulare County, California!!Total!!Margin of Error","Tulare County, California!!Male!!Estimate","Tulare County, California!!Male!!Margin of Error","Tulare County, California!!Female!!Estimate","Tulare County, California!!Female!!Margin of Error","Ventura County, California!!Total!!Estimate","Ventura County, California!!Total!!Margin of Error","Ventura County, California!!Male!!Estimate","Ventura County, California!!Male!!Margin of Error","Ventura County, California!!Female!!Estimate","Ventura County, California!!Female!!Margin of Error","Yolo County, California!!Total!!Estimate","Yolo County, California!!Total!!Margin of Error","Yolo County, California!!Male!!Estimate","Yolo County, California!!Male!!Margin of Error","Yolo County, California!!Female!!Estimate","Yolo County, California!!Female!!Margin of Error","Yuba County, California!!Total!!Estimate","Yuba County, California!!Total!!Margin of Error","Yuba County, California!!Male!!Estimate","Yuba County, California!!Male!!Margin of Error","Yuba County, California!!Female!!Estimate","Yuba County, California!!Female!!Margin of Error"
"Total population","39,144,818","*****","19,440,558","±4,443","19,704,260","±4,443","1,638,215","*****","803,485","±147","834,730","±147","225,411","*****","111,540","±578","113,871","±578","1,126,745","*****","550,107","±505","576,638","±505","184,452","*****","92,422","±1,204","92,030","±1,204","974,861","*****","487,055","±636","487,806","±636","135,727","*****","67,375","±804","68,352","±804","180,191","*****","91,836","±653","88,355","±653","882,176","*****","452,437","±705","429,739","±705","150,965","*****","83,916","±686","67,049","±686","64,591","*****","33,045","±910","31,546","±910","10,170,292","*****","5,009,327","±716","5,160,965","±716","154,998","*****","74,284","±716","80,714","±716","261,221","*****","126,827","±559","134,394","±559","87,649","*****","44,158","±735","43,491","±735","268,455","*****","135,493","±692","132,962","±692","433,898","*****","220,347","±617","213,551","±617","142,456","*****","70,773","±469","71,683","±469","98,877","*****","48,034","±845","50,843","±845","3,169,776","*****","1,566,017","±422","1,603,759","±422","375,391","*****","183,496","±451","191,895","±451","2,361,026","*****","1,174,625","±538","1,186,401","±538","1,501,335","*****","734,146","±574","767,189","±574","2,128,133","*****","1,059,374","±817","1,068,759","±817","3,299,521","*****","1,657,609","±508","1,641,912","±508","864,816","*****","439,752","±671","425,064","±671","726,106","*****","361,548","±379","364,558","±379","281,401","*****","142,412","±659","138,989","±659","765,135","*****","376,653","±739","388,482","±739","444,769","*****","222,959","±517","221,810","±517","1,918,044","*****","965,615","±649","952,429","±649","274,146","*****","135,904","±564","138,242","±564","179,533","*****","87,843","±687","91,690","±687","436,092","*****","216,242","±634","219,850","±634","502,146","*****","245,658","±1,049","256,488","±1,049","538,388","*****","267,076","±958","271,312","±958","96,463","*****","48,053","±736","48,410","±736","459,863","*****","230,113","±529","229,750","±529","850,536","*****","420,414","±541","430,122","±541","213,016","*****","103,323","±687","109,693","±687","74,492","*****","39,174","±962","35,318","±962"
"AGE","","","","","","","","","","","","","","","","","","","","","","","","","","","","","","","","","","","","","","","","","","","","","","","","","","","","","","","","","","","","","","","","","","","","","","","","","","","","","","","","","","","","","","","","","","","","","","","","","","","","","","","","","","","","","","","","","","","","","","","","","","","","","","","","","","","","","","","","","","","","","","","","","","","","","","","","","","","","","","","","","","","","","","","","","","","","","","","","","","","","","","","","","","","","","","","","","","","","","","","","","","","","","","","","","","","","","","","","","","","","","","","","","","","","","","","","","","","","","","","","","","","","","",""
"    Under 5 years","6.4%","±0.1","6.6%","±0.1","6.2%","±0.1","6.0%","*****","6.2%","±0.1","5.8%","±0.1","5.4%","±0.1","5.8%","±0.3","4.9%","±0.2","5.8%","±0.1","6.1%","±0.1","5.6%","±0.1","3.9%","±0.5","3.7%","±0.6","4.1%","±0.8","8.2%","±0.1","8.4%","±0.1","8.0%","±0.1","5.3%","±0.2","5.2%","±0.7","5.4%","±0.6","8.3%","±0.3","8.3%","±0.4","8.3%","±0.4","8.2%","±0.1","8.2%","±0.2","8.3%","±0.2","7.8%","±0.4","7.3%","±0.7","8.4%","±0.4","5.7%","±1.1","7.2%","±2.3","4.1%","±1.4","6.3%","*****","6.5%","±0.1","6.1%","±0.1","7.3%","±0.3","7.6%","±0.3","7.0%","±0.4","4.9%","±0.2","4.9%","±0.3","4.9%","±0.4","5.7%","±0.3","5.3%","±1.1","6.1%","±1.2","7.7%","±0.1","7.8%","±0.1","7.7%","±0.1","7.7%","±0.1","7.7%","±0.2","7.7%","±0.2","5.4%","±0.1","5.6%","±0.4","5.2%","±0.3","4.9%","±0.8","4.8%","±1.4","4.9%","±1.2","6.0%","±0.1","6.3%","±0.1","5.8%","±0.1","5.3%","±0.1","5.6%","±0.1","5.1%","±0.1","6.6%","±0.1","6.8%","±0.1","6.4%","±0.1","6.6%","*****","6.9%","±0.1","6.2%","±0.1","7.2%","±0.1","7.4%","±0.1","7.0%","±0.1","6.5%","*****","6.6%","±0.1","6.4%","±0.1","4.6%","±0.1","4.4%","±0.1","4.8%","±0.1","7.1%","±0.1","7.3%","±0.1","6.9%","±0.1","4.9%","±0.2","5.1%","±0.5","4.7%","±0.3","6.1%","±0.1","6.3%","±0.2","5.9%","±0.2","6.5%","±0.1","6.6%","±0.1","6.3%","±0.2","6.3%","±0.1","6.5%","±0.1","6.2%","±0.1","5.4%","±0.2","5.6%","±0.3","5.2%","±0.2","5.8%","±0.2","5.7%","±0.3","5.9%","±0.3","6.0%","±0.1","6.3%","±0.1","5.8%","±0.1","5.6%","±0.1","5.9%","±0.3","5.3%","±0.3","7.2%","±0.1","7.7%","±0.2","6.8%","±0.2","6.6%","±0.1","7.2%","±0.6","5.9%","±0.6","8.6%","±0.1","8.7%","±0.2","8.5%","±0.2","6.3%","±0.1","6.4%","±0.1","6.1%","±0.1","5.8%","±0.2","6.0%","±0.2","5.7%","±0.2","8.4%","±0.6","12.9%","±1.8","3.4%","±1.4"
"    5 to 9 years","6.5%","±0.1","6.6%","±0.1","6.3%","±0.1","6.0%","±0.2","6.4%","±0.3","5.7%","±0.3","6.7%","±0.6","6.6%","±0.8","6.8%","±0.8","6.5%","±0.3","6.3%","±0.4","6.6%","±0.4","5.6%","±0.8","5.8%","±0.9","5.5%","±1.1","8.0%","±0.3","8.0%","±0.5","8.0%","±0.5","5.9%","±0.8","7.1%","±1.0","4.8%","±1.0","7.3%","±0.8","7.1%","±1.2","7.5%","±1.2","8.2%","±0.4","7.7%","±0.5","8.7%","±0.6","7.9%","±1.0","7.5%","±1.2","8.5%","±1.6","5.1%","±0.8","4.3%","±1.2","5.8%","±1.2","6.1%","±0.1","6.3%","±0.1","5.9%","±0.1","7.2%","±0.8","6.5%","±1.2","7.8%","±1.1","5.6%","±0.6","5.6%","±0.8","5.6%","±0.8","7.0%","±0.9","7.5%","±1.2","6.4%","±1.4","9.2%","±0.7","9.4%","±1.1","9.0%","±0.8","7.6%","±0.4","8.0%","±0.6","7.2%","±0.6","5.7%","±0.6","6.4%","±0.8","5.0%","±1.0","5.1%","±0.9","5.0%","±1.5","5.1%","±1.1","6.2%","±0.2","6.5%","±0.2","6.0%","±0.3","6.7%","±0.4","6.4%","±0.7","7.0%","±0.6","7.3%","±0.2","7.5%","±0.3","7.1%","±0.3","7.0%","±0.3","7.4%","±0.4","6.6%","±0.4","7.5%","±0.2","7.8%","±0.3","7.3%","±0.3","6.2%","±0.2","6.2%","±0.2","6.2%","±0.2","3.7%","±0.3","3.6%","±0.3","3.8%","±0.4","7.9%","±0.4","7.8%","±0.6","8.1%","±0.5","5.2%","±0.4","5.4%","±0.7","4.9%","±0.8","6.0%","±0.3","6.3%","±0.4","5.7%","±0.5","6.0%","±0.4","6.2%","±0.7","5.8%","±0.6","6.4%","±0.2","6.7%","±0.3","6.0%","±0.3","5.4%","±0.5","5.3%","±0.8","5.6%","±0.6","6.5%","±0.8","6.7%","±1.2","6.4%","±1.0","6.6%","±0.5","6.7%","±0.7","6.5%","±0.7","5.7%","±0.4","6.1%","±0.6","5.3%","±0.5","7.5%","±0.5","8.1%","±0.7","7.0%","±0.7","7.9%","±1.0","7.8%","±1.3","8.1%","±1.4","9.5%","±0.5","9.7%","±0.7","9.3%","±0.8","6.2%","±0.3","6.2%","±0.5","6.2%","±0.4","5.3%","±0.7","6.1%","±1.1","4.6%","±0.9","8.3%","±1.3","7.4%","±2.1","9.2%","±2.3"
"    10 to 14 years","6.4%","±0.1","6.6%","±0.1","6.2%","±0.1","5.8%","±0.2","5.9%","±0.3","5.7%","±0.3","4.9%","±0.6","5.1%","±0.8","4.7%","±0.8","6.8%","±0.3","7.6%","±0.4","6.1%","±0.4","6.9%","±0.8","7.6%","±1.1","6.2%","±1.1","7.8%","±0.3","8.2%","±0.5","7.5%","±0.5","5.3%","±0.8","4.5%","±1.2","6.1%","±1.0","8.1%","±0.8","8.6%","±1.3","7.5%","±1.2","8.2%","±0.4","8.4%","±0.5","8.0%","±0.6","7.5%","±0.9","6.9%","±1.1","8.2%","±1.6","5.8%","±1.4","6.5%","±2.3","5.1%","±1.5","6.2%","±0.1","6.4%","±0.1","5.9%","±0.1","8.4%","±0.8","9.7%","±1.3","7.2%","±1.0","6.3%","±0.5","6.7%","±0.8","6.0%","±0.9","5.1%","±0.8","4.7%","±1.3","5.4%","±1.4","7.9%","±0.7","7.7%","±1.0","8.2%","±0.9","7.0%","±0.4","6.7%","±0.6","7.4%","±0.6","6.6%","±0.6","6.0%","±0.8","7.1%","±1.0","4.0%","±0.7","4.0%","±1.1","4.1%","±1.0","6.3%","±0.2","6.5%","±0.2","6.1%","±0.3","6.4%","±0.4","7.3%","±0.7","5.5%","±0.6","7.4%","±0.2","7.5%","±0.3","7.2%","±0.3","6.5%","±0.3","6.8%","±0.4","6.3%","±0.3","7.5%","±0.2","7.6%","±0.3","7.3%","±0.3","5.8%","±0.2","5.9%","±0.2","5.6%","±0.2","3.2%","±0.3","3.3%","±0.3","3.0%","±0.4","7.7%","±0.4","8.4%","±0.6","7.1%","±0.5","4.8%","±0.4","4.5%","±0.7","5.2%","±0.8","5.7%","±0.3","5.8%","±0.4","5.7%","±0.5","6.2%","±0.4","6.1%","±0.7","6.4%","±0.6","6.5%","±0.2","6.3%","±0.3","6.6%","±0.3","5.6%","±0.5","6.1%","±0.9","5.1%","±0.6","5.2%","±0.8","5.4%","±1.2","5.1%","±1.1","6.2%","±0.5","6.6%","±0.7","5.9%","±0.8","5.6%","±0.4","5.8%","±0.6","5.5%","±0.5","7.6%","±0.5","7.7%","±0.7","7.5%","±0.7","7.3%","±0.9","7.9%","±1.3","6.7%","±1.4","8.1%","±0.5","8.4%","±0.7","7.9%","±0.8","7.2%","±0.3","7.5%","±0.5","6.9%","±0.4","6.8%","±0.7","6.5%","±1.1","7.1%","±0.9","6.9%","±1.3","7.6%","±2.1","6.2%","±2.0"
"    15 to 19 years","6.7%","±0.1","6.9%","±0.1","6.5%","±0.1","5.8%","±0.1","6.0%","±0.1","5.5%","±0.1","6.5%","±0.3","6.8%","±0.4","6.3%","±0.4","6.4%","±0.1","6.8%","±0.1","6.0%","±0.1","6.3%","±0.5","6.3%","±0.6","6.2%","±0.8","7.5%","±0.1","7.6%","±0.1","7.4%","±0.1","6.5%","±0.8","5.9%","±1.1","7.1%","±1.2","7.6%","±0.3","7.3%","±0.4","7.8%","±0.7","7.6%","±0.2","7.7%","±0.2","7.4%","±0.2","7.4%","±0.6","7.4%","±0.9","7.5%","±0.8","6.0%","±1.4","4.2%","±1.9","7.8%","±2.6","6.6%","±0.1","6.8%","±0.1","6.4%","±0.1","7.1%","±0.4","7.3%","±0.3","6.9%","±0.6","5.4%","±0.3","5.1%","±0.4","5.6%","±0.6","5.6%","±0.8","6.6%","±1.4","4.5%","±1.6","8.7%","±0.4","9.2%","±0.4","8.1%","±0.7","6.9%","±0.2","6.8%","±0.2","7.0%","±0.3","6.3%","±0.4","6.6%","±0.5","5.9%","±0.6","5.7%","±1.6","7.0%","±2.6","4.4%","±1.2","6.6%","±0.1","6.9%","±0.1","6.4%","±0.1","6.5%","±0.2","6.8%","±0.2","6.3%","±0.3","7.6%","±0.1","7.7%","±0.1","7.4%","±0.1","6.3%","±0.1","6.7%","±0.1","6.0%","±0.1","7.6%","±0.1","7.8%","±0.1","7.3%","±0.1","6.4%","±0.1","6.6%","±0.1","6.1%","±0.1","3.5%","±0.1","3.3%","±0.1","3.8%","±0.1","7.6%","±0.1","7.8%","±0.1","7.4%","±0.2","8.2%","±0.5","8.4%","±0.8","7.9%","±0.5","5.4%","±0.2","5.7%","±0.3","5.0%","±0.1","8.5%","±0.2","8.5%","±0.3","8.4%","±0.3","6.0%","±0.1","6.0%","±0.1","5.9%","±0.1","8.1%","±0.2","8.2%","±0.3","8.1%","±0.3","6.0%","±0.5","6.3%","±0.6","5.6%","±0.6","6.3%","±0.1","6.5%","±0.1","6.0%","±0.1","6.0%","±0.1","6.3%","±0.2","5.8%","±0.2","7.6%","±0.2","7.9%","±0.3","7.3%","±0.3","6.1%","±0.7","7.1%","±1.4","5.2%","±1.0","8.0%","±0.1","8.3%","±0.3","7.7%","±0.1","6.9%","±0.1","7.1%","±0.1","6.7%","±0.1","8.9%","±0.2","8.4%","±0.2","9.3%","±0.4","5.8%","±0.8","4.9%","±1.6","6.7%","±1.7"
"    20 to 24 years","7.4%","±0.1","7.7%","±0.1","7.1%","±0.1","6.5%","±0.1","6.6%","±0.1","6.3%","±0.1","11.7%","±0.4","12.0%","±0.6","11.4%","±0.5","6.2%","±0.1","6.5%","±0.1","6.0%","±0.1","5.7%","±0.6","5.6%","±0.6","5.8%","±0.9","8.0%","±0.1","8.2%","±0.2","7.7%","±0.1","10.2%","±1.0","10.7%","±1.4","9.7%","±1.2","8.1%","±0.4","8.8%","±0.6","7.4%","±0.3","8.0%","±0.2","8.3%","±0.2","7.6%","±0.2","8.0%","±0.6","8.2%","±0.6","7.7%","±0.9","5.2%","±1.1","5.7%","±2.1","4.7%","±0.9","7.5%","±0.1","7.7%","±0.1","7.3%","±0.1","7.4%","±0.6","8.3%","±1.0","6.6%","±0.6","4.7%","±0.2","5.4%","±0.4","4.0%","±0.3","5.8%","±1.0","5.9%","±1.6","5.8%","±1.5","8.5%","±0.5","9.0%","±0.6","8.0%","±0.7","7.6%","±0.1","7.9%","±0.2","7.3%","±0.3","6.8%","±0.4","7.2%","±0.7","6.3%","±0.6","4.5%","±0.8","4.7%","±0.8","4.4%","±1.4","7.1%","±0.1","7.3%","±0.1","6.8%","±0.1","5.5%","±0.2","6.0%","±0.2","4.9%","±0.4","7.3%","±0.1","7.5%","±0.1","7.1%","±0.1","6.9%","±0.1","7.1%","±0.1","6.6%","±0.1","8.1%","±0.1","8.6%","±0.1","7.7%","±0.1","8.2%","±0.1","9.2%","±0.1","7.2%","±0.1","5.9%","±0.1","5.7%","±0.2","6.1%","±0.1","7.3%","±0.1","7.8%","±0.2","6.8%","±0.1","10.4%","±0.4","11.0%","±0.7","9.8%","±0.3","5.5%","±0.1","5.8%","±0.1","5.3%","±0.1","11.2%","±0.3","11.6%","±0.4","10.9%","±0.3","6.3%","±0.1","6.6%","±0.1","6.0%","±0.1","10.5%","±0.3","10.4%","±0.4","10.5%","±0.6","5.8%","±0.5","6.1%","±0.8","5.5%","±0.6","7.0%","±0.1","7.6%","±0.1","6.5%","±0.1","6.1%","±0.1","6.3%","±0.2","5.9%","±0.2","7.1%","±0.1","7.1%","±0.2","7.0%","±0.2","7.6%","±0.5","7.2%","±1.0","8.0%","±0.4","7.6%","±0.1","7.8%","±0.2","7.5%","±0.2","7.2%","±0.1","7.4%","±0.1","6.9%","±0.1","14.2%","±0.3","14.2%","±0.5","14.2%","±0.4","7.6%","±1.0","7.1%","±1.3","8.2%","±2.0"
"    25 to 29 years","7.7%","±0.1","7.9%","±0.1","7.4%","±0.1","8.2%","±0.1","8.3%","±0.1","8.0%","±0.1","6.4%","±0.4","6.8%","±0.4","6.1%","±0.5","6.1%","±0.1","6.3%","±0.1","5.9%","±0.1","4.6%","±0.4","5.2%","±0.8","3.9%","±0.3","7.9%","±0.1","8.2%","±0.1","7.7%","±0.1","6.2%","±0.5","7.0%","±0.9","5.6%","±0.6","7.1%","±0.3","7.7%","±0.4","6.4%","±0.4","7.9%","±0.1","8.4%","±0.1","7.4%","±0.1","8.9%","±0.5","9.8%","±0.6","7.7%","±0.6","5.9%","±1.2","6.6%","±2.1","5.1%","±0.7","8.2%","*****","8.5%","±0.1","8.0%","±0.1","7.0%","±0.2","6.6%","±0.2","7.3%","±0.4","4.2%","±0.3","4.5%","±0.4","4.0%","±0.4","5.3%","±0.9","6.3%","±1.8","4.4%","±0.8","6.9%","±0.2","6.9%","±0.3","6.9%","±0.4","7.3%","±0.1","7.6%","±0.1","7.0%","±0.1","5.7%","±0.2","6.0%","±0.3","5.5%","±0.3","5.2%","±0.7","5.3%","±0.8","5.1%","±1.1","7.4%","±0.1","7.7%","±0.1","7.1%","±0.1","5.0%","±0.2","5.1%","±0.2","4.9%","±0.3","7.0%","±0.1","7.2%","±0.1","6.8%","±0.1","7.9%","±0.1","8.0%","±0.1","7.7%","±0.1","7.8%","±0.1","8.0%","±0.1","7.6%","±0.1","8.5%","±0.1","8.9%","±0.1","8.2%","±0.1","11.9%","±0.1","12.0%","±0.1","11.7%","±0.1","7.0%","±0.1","7.2%","±0.1","6.7%","±0.1","5.6%","±0.2","6.2%","±0.4","5.1%","±0.2","6.8%","±0.1","7.2%","±0.1","6.4%","±0.1","6.6%","±0.1","7.0%","±0.1","6.2%","±0.2","7.5%","±0.1","7.8%","±0.1","7.1%","±0.1","6.1%","±0.3","6.5%","±0.5","5.7%","±0.5","6.2%","±0.4","6.4%","±0.4","6.1%","±0.6","7.5%","±0.1","7.7%","±0.1","7.3%","±0.2","6.7%","±0.2","7.0%","±0.1","6.5%","±0.3","7.3%","±0.1","7.4%","±0.2","7.3%","±0.2","7.0%","±0.3","6.8%","±0.1","7.2%","±0.7","7.1%","±0.1","7.2%","±0.1","7.0%","±0.1","6.7%","±0.1","7.1%","±0.1","6.3%","±0.1","7.1%","±0.2","7.4%","±0.3","6.8%","±0.2","9.0%","±1.0","8.9%","±1.2","9.1%","±2.1"
"    30 to 34 years","7.2%","±0.1","7.5%","±0.1","7.0%","±0.1","8.1%","±0.1","8.2%","±0.1","8.0%","±0.1","5.9%","±0.3","6.2%","±0.3","5.7%","±0.4","6.5%","±0.1","6.6%","±0.1","6.4%","±0.1","5.3%","±0.6","5.3%","±0.7","5.3%","±0.6","7.1%","±0.1","7.3%","±0.1","6.9%","±0.1","6.8%","±0.6","6.9%","±0.7","6.7%","±1.0","6.6%","±0.3","6.8%","±0.5","6.5%","±0.5","7.3%","±0.1","7.7%","±0.1","6.8%","±0.1","7.7%","±0.3","8.4%","±0.5","6.8%","±0.5","4.7%","±1.0","4.1%","±1.8","5.4%","±1.3","7.5%","±0.1","7.7%","±0.1","7.3%","±0.1","6.8%","±0.3","6.5%","±0.4","7.0%","±0.4","5.0%","±0.4","5.7%","±0.7","4.3%","±0.3","5.7%","±0.5","5.2%","±0.7","6.2%","±0.6","6.8%","±0.3","7.0%","±0.3","6.6%","±0.5","7.4%","±0.1","7.8%","±0.3","6.9%","±0.1","6.4%","±0.3","6.7%","±0.5","6.0%","±0.3","5.0%","±0.5","5.3%","±0.9","4.8%","±0.6","6.8%","±0.1","7.1%","±0.1","6.6%","±0.1","5.9%","±0.1","6.0%","±0.2","5.8%","±0.1","6.7%","±0.1","6.8%","±0.1","6.6%","±0.1","7.5%","±0.1","7.7%","±0.1","7.3%","±0.1","7.0%","±0.1","7.1%","±0.1","6.9%","±0.1","7.7%","±0.1","7.9%","±0.1","7.4%","±0.1","11.3%","±0.1","11.6%","±0.1","11.0%","±0.1","6.7%","±0.1","6.8%","±0.1","6.6%","±0.1","6.2%","±0.3","6.3%","±0.4","6.0%","±0.4","7.4%","±0.1","7.6%","±0.1","7.2%","±0.1","6.5%","±0.1","7.0%","±0.2","6.1%","±0.2","7.8%","±0.1","8.1%","±0.1","7.6%","±0.1","6.4%","±0.4","6.6%","±0.7","6.2%","±0.3","6.2%","±0.5","6.1%","±0.8","6.2%","±0.7","7.0%","±0.1","7.2%","±0.2","6.8%","±0.2","6.6%","±0.1","6.9%","±0.2","6.3%","±0.2","6.7%","±0.1","7.0%","±0.2","6.5%","±0.1","6.7%","±1.0","6.8%","±1.1","6.7%","±1.0","6.9%","±0.2","7.1%","±0.3","6.8%","±0.1","6.4%","±0.1","6.7%","±0.1","6.1%","±0.1","6.3%","±0.1","6.5%","±0.2","6.2%","±0.1","7.5%","±1.4","7.5%","±1.8","7.4%","±1.5"
"    35 to 39 years","6.7%","±0.1","6.8%","±0.1","6.6%","±0.1","7.5%","±0.3","7.6%","±0.4","7.5%","±0.3","5.2%","±0.6","5.1%","±0.8","5.3%","±0.8","6.3%","±0.3","6.2%","±0.4","6.3%","±0.4","5.5%","±0.8","5.5%","±1.0","5.4%","±1.0","6.7%","±0.3","7.0%","±0.4","6.3%","±0.5","6.7%","±0.9","6.7%","±1.2","6.8%","±1.4","6.1%","±0.8","7.0%","±1.0","5.1%","±1.2","6.2%","±0.4","6.5%","±0.5","6.0%","±0.5","7.2%","±0.8","7.5%","±1.0","6.9%","±1.3","6.5%","±1.7","7.3%","±2.5","5.7%","±1.6","6.9%","±0.1","7.1%","±0.1","6.7%","±0.1","7.0%","±0.9","6.6%","±1.3","7.4%","±1.2","5.6%","±0.7","5.7%","±0.9","5.5%","±0.8","5.8%","±1.1","7.2%","±1.4","4.3%","±1.5","6.0%","±0.7","5.7%","±1.0","6.4%","±0.9","6.7%","±0.5","6.8%","±0.6","6.6%","±0.6","7.0%","±0.7","7.3%","±1.1","6.7%","±0.8","5.5%","±1.0","5.6%","±1.3","5.4%","±1.4","6.3%","±0.2","6.2%","±0.3","6.4%","±0.2","6.2%","±0.6","6.2%","±0.7","6.1%","±0.8","6.2%","±0.2","6.2%","±0.3","6.2%","±0.3","6.7%","±0.3","6.8%","±0.4","6.6%","±0.4","6.6%","±0.2","6.5%","±0.3","6.6%","±0.3","6.8%","±0.2","6.9%","±0.3","6.8%","±0.2","8.4%","±0.4","9.0%","±0.6","7.9%","±0.4","6.3%","±0.4","6.1%","±0.6","6.6%","±0.5","6.2%","±0.5","6.5%","±0.8","5.9%","±0.7","7.4%","±0.4","7.5%","±0.6","7.3%","±0.5","5.8%","±0.5","6.2%","±0.6","5.3%","±0.6","7.2%","±0.3","7.3%","±0.3","7.1%","±0.3","5.8%","±0.7","6.2%","±0.9","5.4%","±0.9","6.1%","±0.7","6.2%","±0.8","6.0%","±1.1","6.6%","±0.4","6.7%","±0.6","6.4%","±0.7","6.4%","±0.5","6.7%","±0.7","6.1%","±0.7","6.2%","±0.5","6.1%","±0.7","6.3%","±0.6","7.3%","±1.1","6.9%","±1.3","7.8%","±1.6","6.5%","±0.6","6.7%","±0.8","6.4%","±0.7","6.4%","±0.4","6.7%","±0.6","6.2%","±0.5","5.8%","±0.7","5.7%","±0.9","5.8%","±1.0","6.4%","±1.6","6.2%","±1.9","6.7%","±2.5"
"    40 to 44 years","6.6%","±0.1","6.6%","±0.1","6.6%","±0.1","7.4%","±0.3","7.5%","±0.4","7.3%","±0.3","5.3%","±0.6","5.7%","±0.8","5.0%","±0.9","7.1%","±0.3","7.1%","±0.4","7.0%","±0.4","5.3%","±0.9","5.6%","±1.1","5.0%","±1.0","5.5%","±0.4","5.2%","±0.4","5.7%","±0.5","6.1%","±0.9","6.5%","±1.4","5.6%","±1.2","6.5%","±0.8","6.6%","±1.2","6.5%","±1.2","6.3%","±0.4","6.3%","±0.5","6.3%","±0.5","6.6%","±0.9","7.4%","±1.1","5.6%","±1.4","5.3%","±1.6","4.9%","±2.3","5.7%","±2.1","6.9%","±0.1","6.9%","±0.1","6.9%","±0.1","5.4%","±0.9","5.1%","±1.2","5.7%","±1.0","6.8%","±0.8","6.9%","±1.0","6.6%","±0.8","6.2%","±1.3","5.9%","±1.5","6.4%","±1.9","6.2%","±0.6","6.6%","±0.9","5.9%","±1.0","6.3%","±0.5","6.8%","±0.6","5.8%","±0.6","6.0%","±0.7","6.0%","±1.1","6.1%","±0.9","4.5%","±1.1","5.5%","±1.8","3.6%","±1.2","7.0%","±0.2","7.1%","±0.3","6.9%","±0.2","6.5%","±0.6","6.5%","±0.7","6.5%","±0.8","6.5%","±0.2","6.5%","±0.3","6.6%","±0.3","6.3%","±0.3","6.1%","±0.4","6.4%","±0.4","6.2%","±0.2","6.2%","±0.3","6.3%","±0.3","6.3%","±0.2","6.3%","±0.3","6.2%","±0.2","7.3%","±0.4","7.5%","±0.6","7.2%","±0.5","6.4%","±0.4","6.6%","±0.6","6.2%","±0.5","4.3%","±0.5","4.7%","±0.7","4.0%","±0.8","7.2%","±0.4","7.3%","±0.6","7.0%","±0.5","5.5%","±0.5","5.4%","±0.6","5.6%","±0.6","7.6%","±0.2","7.7%","±0.3","7.5%","±0.3","5.8%","±0.7","5.6%","±0.9","6.0%","±0.8","4.3%","±0.7","4.2%","±0.9","4.4%","±1.0","5.8%","±0.4","5.7%","±0.6","5.8%","±0.6","5.8%","±0.5","5.7%","±0.7","5.8%","±0.6","6.4%","±0.5","6.5%","±0.7","6.3%","±0.6","5.1%","±1.2","5.4%","±1.6","4.7%","±1.3","5.8%","±0.6","5.6%","±0.8","5.9%","±0.7","6.1%","±0.4","6.0%","±0.5","6.3%","±0.5","5.9%","±0.7","5.9%","±1.1","5.8%","±0.9","5.9%","±1.5","5.8%","±1.7","6.1%","±2.0"
"    45 to 49 years","6.6%","±0.1","6.7%","±0.1","6.6%","±0.1","6.9%","±0.1","7.1%","±0.1","6.8%","±0.1","5.0%","±0.2","5.1%","±0.2","4.9%","±0.2","7.3%","±0.1","7.2%","±0.1","7.3%","±0.1","7.0%","±0.4","6.7%","±0.6","7.3%","±0.5","5.8%","±0.1","5.8%","±0.1","5.7%","±0.1","5.0%","±0.4","5.1%","±0.5","4.9%","±0.7","5.7%","±0.3","5.6%","±0.4","5.9%","±0.4","5.8%","±0.1","5.9%","±0.1","5.8%","±0.1","6.2%","±0.5","6.6%","±0.5","5.6%","±0.6","4.0%","±1.0","2.7%","±1.7","5.4%","±0.9","6.9%","*****","7.0%","±0.1","6.9%","±0.1","6.0%","±0.3","5.9%","±0.5","6.1%","±0.4","8.0%","±0.3","7.9%","±0.4","8.1%","±0.4","6.0%","±0.7","5.6%","±0.8","6.4%","±1.4","5.8%","±0.3","5.8%","±0.3","5.8%","±0.5","6.0%","±0.1","6.3%","±0.1","5.8%","±0.1","6.4%","±0.3","6.3%","±0.3","6.5%","±0.3","5.5%","±0.5","5.4%","±0.4","5.6%","±1.0","7.3%","±0.1","7.2%","±0.1","7.3%","±0.1","7.0%","±0.1","7.1%","±0.2","6.8%","±0.1","6.4%","±0.1","6.5%","±0.1","6.3%","±0.1","6.4%","±0.1","6.5%","±0.1","6.3%","±0.1","6.4%","±0.1","6.3%","±0.1","6.4%","±0.1","6.4%","±0.1","6.3%","±0.1","6.4%","±0.1","7.1%","±0.1","7.6%","±0.1","6.5%","±0.1","6.4%","±0.1","6.6%","±0.1","6.3%","±0.1","5.4%","±0.2","5.5%","±0.2","5.3%","±0.3","7.2%","±0.1","7.2%","±0.1","7.3%","±0.2","5.7%","±0.1","5.8%","±0.2","5.6%","±0.1","7.2%","±0.1","7.2%","±0.1","7.2%","±0.1","6.1%","±0.2","6.1%","±0.3","6.0%","±0.2","5.6%","±0.3","6.0%","±0.6","5.2%","±0.3","6.4%","±0.1","6.5%","±0.1","6.3%","±0.1","6.3%","±0.1","6.6%","±0.2","6.1%","±0.1","6.1%","±0.1","6.1%","±0.1","6.1%","±0.1","5.4%","±0.5","5.0%","±0.3","5.8%","±0.9","5.8%","±0.1","5.8%","±0.2","5.8%","±0.2","6.8%","±0.1","6.8%","±0.1","6.9%","±0.1","6.0%","±0.3","6.3%","±0.4","5.7%","±0.3","4.6%","±0.7","4.2%","±0.9","5.1%","±1.2"
"    50 to 54 years","6.8%","±0.1","6.7%","±0.1","6.8%","±0.1","7.0%","±0.1","6.9%","±0.1","7.0%","±0.1","6.1%","±0.3","5.9%","±0.4","6.3%","±0.3","7.5%","±0.1","7.5%","±0.1","7.5%","±0.1","8.0%","±0.4","7.9%","±0.6","8.1%","±0.4","5.9%","±0.1","5.9%","±0.1","5.9%","±0.1","5.8%","±0.3","6.0%","±0.5","5.6%","±0.4","5.9%","±0.2","5.8%","±0.4","6.1%","±0.2","6.0%","±0.1","5.9%","±0.1","6.1%","±0.1","6.2%","±0.4","6.5%","±0.6","5.7%","±0.4","7.7%","±0.9","7.8%","±1.5","7.5%","±1.1","6.8%","*****","6.8%","±0.1","6.8%","±0.1","5.8%","±0.2","5.6%","±0.2","6.1%","±0.4","8.0%","±0.3","8.1%","±0.3","7.9%","±0.5","6.4%","±0.7","6.6%","±0.9","6.2%","±0.9","5.8%","±0.2","5.8%","±0.3","5.8%","±0.4","6.0%","±0.1","6.1%","±0.2","5.9%","±0.1","6.9%","±0.3","6.8%","±0.4","6.9%","±0.4","7.4%","±0.7","6.9%","±0.8","7.8%","±1.1","7.3%","±0.1","7.3%","±0.1","7.3%","±0.1","7.3%","±0.1","7.1%","±0.1","7.4%","±0.2","6.5%","±0.1","6.5%","±0.1","6.4%","±0.1","6.7%","±0.1","6.7%","±0.1","6.7%","±0.1","6.5%","±0.1","6.4%","±0.1","6.5%","±0.1","6.6%","±0.1","6.5%","±0.1","6.6%","±0.1","6.6%","±0.1","7.0%","±0.1","6.1%","±0.1","6.5%","±0.1","6.4%","±0.1","6.5%","±0.1","6.5%","±0.3","6.5%","±0.5","6.4%","±0.3","7.4%","±0.1","7.3%","±0.1","7.4%","±0.1","6.0%","±0.1","5.9%","±0.2","6.0%","±0.1","7.1%","±0.1","7.2%","±0.1","7.0%","±0.1","6.8%","±0.2","6.7%","±0.3","6.8%","±0.3","7.6%","±0.5","8.1%","±0.6","7.2%","±0.6","7.2%","±0.1","7.2%","±0.1","7.3%","±0.1","7.2%","±0.1","7.0%","±0.2","7.3%","±0.2","6.5%","±0.1","6.5%","±0.2","6.6%","±0.2","6.5%","±0.6","6.7%","±0.9","6.2%","±0.6","5.7%","±0.1","5.7%","±0.2","5.7%","±0.1","7.1%","±0.1","7.1%","±0.1","7.2%","±0.1","5.7%","±0.3","5.8%","±0.5","5.6%","±0.3","6.1%","±0.7","5.3%","±0.8","7.0%","±1.2"
"    55 to 59 years","6.3%","±0.1","6.2%","±0.1","6.4%","±0.1","6.7%","±0.2","6.6%","±0.3","6.7%","±0.3","6.9%","±0.6","7.3%","±0.9","6.5%","±0.6","7.1%","±0.3","7.2%","±0.3","7.0%","±0.4","9.2%","±0.8","8.7%","±0.9","9.7%","±1.3","5.8%","±0.3","5.6%","±0.4","6.1%","±0.3","7.0%","±0.9","6.6%","±1.2","7.4%","±1.0","5.1%","±0.8","4.5%","±0.9","5.7%","±1.1","5.6%","±0.3","5.5%","±0.4","5.7%","±0.4","4.8%","±0.5","5.1%","±0.7","4.5%","±0.9","7.5%","±1.6","7.2%","±2.0","7.8%","±2.2","6.2%","±0.1","6.1%","±0.1","6.3%","±0.1","6.3%","±0.8","6.0%","±1.2","6.6%","±0.9","7.4%","±0.6","6.9%","±0.8","7.9%","±0.8","7.4%","±1.1","7.8%","±1.6","6.9%","±1.3","4.7%","±0.5","4.6%","±0.7","4.8%","±0.6","6.3%","±0.4","6.3%","±0.6","6.3%","±0.5","7.4%","±0.7","7.1%","±1.1","7.7%","±0.8","9.1%","±1.2","9.8%","±1.7","8.4%","±1.5","6.6%","±0.2","6.7%","±0.2","6.6%","±0.2","6.5%","±0.5","6.0%","±0.7","7.0%","±0.7","5.9%","±0.2","6.0%","±0.2","5.8%","±0.2","6.6%","±0.2","6.3%","±0.3","6.9%","±0.3","5.8%","±0.2","5.7%","±0.3","6.0%","±0.3","6.1%","±0.1","5.9%","±0.2","6.3%","±0.2","5.9%","±0.4","6.2%","±0.5","5.7%","±0.5","5.8%","±0.3","5.6%","±0.4","6.1%","±0.4","6.9%","±0.6","6.0%","±0.7","7.7%","±0.8","7.0%","±0.4","6.8%","±0.5","7.1%","±0.4","6.1%","±0.4","5.7%","±0.6","6.5%","±0.6","6.4%","±0.2","6.3%","±0.3","6.5%","±0.3","6.7%","±0.5","6.6%","±0.6","6.9%","±0.9","7.6%","±0.7","6.6%","±0.8","8.6%","±1.0","6.8%","±0.4","6.8%","±0.6","6.9%","±0.6","7.2%","±0.4","6.5%","±0.5","7.8%","±0.5","6.2%","±0.4","5.8%","±0.6","6.6%","±0.6","6.6%","±0.8","6.4%","±0.8","6.7%","±1.0","5.1%","±0.4","5.2%","±0.5","5.0%","±0.5","7.1%","±0.3","7.1%","±0.4","7.1%","±0.4","5.5%","±0.5","5.4%","±0.7","5.5%","±0.7","7.5%","±1.0","6.5%","±1.3","8.6%","±1.7"
"    60 to 64 years","5.5%","±0.1","5.3%","±0.1","5.7%","±0.1","5.5%","±0.2","5.3%","±0.3","5.7%","±0.3","6.4%","±0.6","5.6%","±0.9","7.2%","±0.6","5.8%","±0.3","5.4%","±0.3","6.2%","±0.4","7.7%","±0.9","7.9%","±1.1","7.6%","±1.2","4.5%","±0.3","4.5%","±0.4","4.5%","±0.3","6.9%","±0.9","6.6%","±1.2","7.3%","±1.1","5.0%","±0.8","4.8%","±0.9","5.2%","±1.1","4.7%","±0.3","4.5%","±0.4","4.8%","±0.4","4.4%","±0.6","3.5%","±0.7","5.5%","±1.0","9.2%","±1.6","9.8%","±2.2","8.5%","±2.1","5.3%","±0.1","5.1%","±0.1","5.5%","±0.1","5.0%","±0.8","5.5%","±1.1","4.6%","±1.0","7.9%","±0.6","7.9%","±0.8","7.9%","±0.9","8.5%","±1.2","8.1%","±1.7","8.9%","±1.6","5.0%","±0.5","4.8%","±0.7","5.2%","±0.6","4.7%","±0.4","4.5%","±0.6","5.0%","±0.5","5.6%","±0.7","5.5%","±1.0","5.8%","±0.8","9.6%","±1.3","7.8%","±1.6","11.3%","±1.6","5.4%","±0.2","5.2%","±0.2","5.6%","±0.2","6.9%","±0.5","7.0%","±0.7","6.7%","±0.7","5.1%","±0.2","4.8%","±0.2","5.3%","±0.2","5.5%","±0.2","5.4%","±0.3","5.6%","±0.3","5.2%","±0.2","5.0%","±0.3","5.3%","±0.3","5.5%","±0.1","5.3%","±0.2","5.7%","±0.2","6.0%","±0.4","5.9%","±0.5","6.0%","±0.4","5.2%","±0.3","5.2%","±0.4","5.2%","±0.4","7.3%","±0.6","7.3%","±0.7","7.4%","±0.8","6.0%","±0.4","6.0%","±0.5","6.0%","±0.4","5.0%","±0.4","5.0%","±0.6","5.1%","±0.6","5.2%","±0.2","5.1%","±0.3","5.3%","±0.3","7.0%","±0.5","7.0%","±0.6","7.1%","±0.8","7.2%","±0.7","7.3%","±0.8","7.1%","±1.0","6.5%","±0.4","6.0%","±0.6","7.0%","±0.6","7.5%","±0.4","7.7%","±0.5","7.2%","±0.5","5.0%","±0.4","5.1%","±0.5","4.9%","±0.5","4.7%","±0.7","4.4%","±0.9","4.9%","±1.0","4.6%","±0.4","4.4%","±0.5","4.9%","±0.5","5.6%","±0.3","5.4%","±0.4","5.8%","±0.4","4.7%","±0.5","4.3%","±0.6","5.1%","±0.8","3.6%","±0.8","3.7%","±1.2","3.5%","±1.5"
"    65 to 69 years","4.5%","±0.1","4.3%","±0.1","4.7%","±0.1","4.6%","±0.1","4.3%","±0.2","4.8%","±0.2","5.5%","±0.5","5.3%","±0.7","5.7%","±0.6","5.0%","±0.2","4.8%","±0.3","5.2%","±0.3","6.7%","±0.8","6.3%","±1.1","7.0%","±1.0","3.8%","±0.2","3.6%","±0.2","3.9%","±0.2","6.3%","±0.7","6.2%","±0.8","6.3%","±0.8","4.5%","±0.5","4.2%","±0.7","4.8%","±0.8","3.8%","±0.2","3.6%","±0.3","3.9%","±0.3","3.1%","±0.5","2.6%","±0.6","3.7%","±0.8","6.6%","±1.3","7.2%","±1.9","5.8%","±1.6","4.2%","±0.1","3.9%","±0.1","4.4%","±0.1","4.5%","±0.7","5.0%","±0.9","4.1%","±0.8","6.6%","±0.5","6.0%","±0.7","7.1%","±0.7","7.7%","±1.0","7.1%","±1.4","8.3%","±1.3","3.6%","±0.4","3.9%","±0.6","3.3%","±0.6","4.0%","±0.3","3.6%","±0.3","4.4%","±0.4","6.3%","±0.6","5.9%","±0.9","6.7%","±0.9","9.0%","±0.9","9.5%","±1.3","8.6%","±1.6","4.5%","±0.1","4.2%","±0.1","4.8%","±0.2","5.8%","±0.4","5.7%","±0.5","6.0%","±0.5","4.4%","±0.1","4.3%","±0.1","4.6%","±0.2","4.6%","±0.2","4.3%","±0.2","5.0%","±0.2","3.8%","±0.2","3.8%","±0.2","3.8%","±0.2","4.4%","±0.1","4.0%","±0.2","4.8%","±0.2","5.1%","±0.2","4.8%","±0.3","5.3%","±0.3","4.3%","±0.2","4.0%","±0.3","4.6%","±0.3","6.7%","±0.5","6.8%","±0.7","6.5%","±0.7","4.8%","±0.3","4.7%","±0.3","4.9%","±0.4","4.5%","±0.3","4.2%","±0.5","4.7%","±0.4","4.0%","±0.1","3.7%","±0.2","4.4%","±0.2","5.8%","±0.4","5.6%","±0.5","5.9%","±0.6","7.4%","±0.6","7.5%","±0.8","7.2%","±0.8","5.3%","±0.3","5.3%","±0.4","5.3%","±0.4","6.6%","±0.4","6.1%","±0.5","7.1%","±0.5","4.0%","±0.3","3.7%","±0.4","4.3%","±0.4","5.3%","±0.9","5.3%","±1.3","5.2%","±1.0","3.8%","±0.3","3.8%","±0.5","3.7%","±0.4","4.8%","±0.2","4.6%","±0.3","4.9%","±0.4","3.5%","±0.5","3.6%","±0.7","3.5%","±0.6","5.0%","±1.1","5.6%","±1.6","4.3%","±1.3"
"    70 to 74 years","3.1%","±0.1","2.9%","±0.1","3.4%","±0.1","2.9%","±0.1","2.7%","±0.2","3.1%","±0.2","4.3%","±0.5","4.3%","±0.7","4.4%","±0.6","3.5%","±0.2","3.2%","±0.3","3.8%","±0.3","5.2%","±0.8","5.5%","±1.0","5.0%","±1.0","2.8%","±0.2","2.7%","±0.2","3.0%","±0.3","3.6%","±0.7","3.6%","±0.8","3.5%","±0.8","2.5%","±0.4","2.1%","±0.6","2.8%","±0.7","2.3%","±0.2","2.1%","±0.3","2.5%","±0.3","2.4%","±0.6","2.2%","±0.6","2.5%","±0.8","6.1%","±1.1","5.7%","±1.8","6.5%","±1.5","2.9%","±0.1","2.6%","±0.1","3.2%","±0.1","3.8%","±0.7","3.2%","±0.8","4.3%","±1.0","5.3%","±0.6","5.4%","±0.7","5.2%","±0.7","4.7%","±0.8","4.5%","±1.2","4.8%","±1.1","2.7%","±0.4","2.0%","±0.4","3.4%","±0.6","3.0%","±0.3","2.9%","±0.3","3.1%","±0.4","3.5%","±0.5","3.3%","±0.7","3.6%","±0.8","5.6%","±0.9","5.1%","±1.4","6.0%","±1.6","3.2%","±0.1","3.0%","±0.2","3.4%","±0.2","4.6%","±0.4","4.2%","±0.5","4.9%","±0.5","3.3%","±0.1","3.0%","±0.1","3.6%","±0.2","3.0%","±0.2","2.8%","±0.2","3.1%","±0.2","2.7%","±0.2","2.3%","±0.2","3.1%","±0.2","3.0%","±0.1","2.9%","±0.2","3.2%","±0.2","2.8%","±0.2","2.6%","±0.3","3.1%","±0.3","2.7%","±0.2","2.6%","±0.3","2.9%","±0.3","4.1%","±0.4","3.4%","±0.6","4.8%","±0.6","3.6%","±0.2","3.0%","±0.3","4.2%","±0.4","3.3%","±0.4","3.2%","±0.5","3.5%","±0.4","3.0%","±0.1","2.8%","±0.2","3.2%","±0.2","3.1%","±0.4","3.2%","±0.5","3.1%","±0.6","4.3%","±0.6","4.0%","±0.7","4.6%","±0.8","3.3%","±0.3","2.9%","±0.4","3.7%","±0.5","4.1%","±0.3","4.1%","±0.5","4.0%","±0.4","3.2%","±0.3","3.0%","±0.4","3.4%","±0.4","3.8%","±0.7","3.7%","±1.0","4.0%","±1.1","2.5%","±0.3","2.1%","±0.5","2.9%","±0.4","3.4%","±0.2","3.1%","±0.3","3.7%","±0.4","3.7%","±0.4","3.6%","±0.8","3.8%","±0.4","2.9%","±0.8","2.1%","±0.9","3.8%","±1.1"
"    75 to 79 years","2.2%","±0.1","2.0%","±0.1","2.5%","±0.1","2.1%","±0.1","1.9%","±0.1","2.4%","±0.2","2.8%","±0.4","2.4%","±0.5","3.2%","±0.6","2.3%","±0.2","2.3%","±0.2","2.4%","±0.2","3.4%","±0.6","2.9%","±0.8","3.9%","±0.7","2.0%","±0.1","1.9%","±0.2","2.1%","±0.2","2.4%","±0.5","2.3%","±0.7","2.4%","±0.7","2.1%","±0.5","2.2%","±0.7","2.1%","±0.6","1.5%","±0.2","1.3%","±0.2","1.8%","±0.3","1.7%","±0.4","1.4%","±0.5","2.1%","±0.6","3.3%","±1.2","3.0%","±1.4","3.5%","±1.4","2.2%","±0.1","1.9%","±0.1","2.4%","±0.1","1.7%","±0.4","1.5%","±0.5","1.8%","±0.5","3.6%","±0.6","3.4%","±0.6","3.9%","±0.8","3.2%","±0.7","3.2%","±0.9","3.1%","±1.1","2.2%","±0.4","2.0%","±0.4","2.3%","±0.5","1.7%","±0.3","1.6%","±0.3","1.9%","±0.3","3.1%","±0.6","3.0%","±0.8","3.2%","±0.8","3.7%","±0.6","3.4%","±0.8","3.9%","±1.0","2.4%","±0.1","2.2%","±0.1","2.6%","±0.1","3.4%","±0.3","3.2%","±0.4","3.5%","±0.5","2.6%","±0.1","2.4%","±0.2","2.7%","±0.2","2.0%","±0.1","1.8%","±0.2","2.2%","±0.2","1.9%","±0.1","1.7%","±0.1","2.2%","±0.2","2.1%","±0.1","1.8%","±0.1","2.3%","±0.1","2.4%","±0.2","2.1%","±0.3","2.7%","±0.3","1.9%","±0.2","1.5%","±0.2","2.2%","±0.3","2.8%","±0.4","2.5%","±0.5","3.2%","±0.6","2.5%","±0.2","2.2%","±0.3","2.8%","±0.3","2.4%","±0.3","2.2%","±0.4","2.7%","±0.4","2.2%","±0.1","2.0%","±0.2","2.4%","±0.2","2.2%","±0.3","2.0%","±0.4","2.4%","±0.5","2.8%","±0.5","2.8%","±0.6","2.9%","±0.6","2.2%","±0.3","1.9%","±0.3","2.5%","±0.4","2.9%","±0.3","2.3%","±0.4","3.5%","±0.4","2.1%","±0.3","1.9%","±0.3","2.3%","±0.4","2.0%","±0.4","1.6%","±0.6","2.5%","±0.7","1.7%","±0.3","1.8%","±0.3","1.6%","±0.3","2.6%","±0.2","2.2%","±0.3","2.9%","±0.3","1.8%","±0.4","1.8%","±0.5","1.8%","±0.5","2.0%","±0.6","2.1%","±0.8","1.9%","±0.8"
"    80 to 84 years","1.6%","±0.1","1.4%","±0.1","1.9%","±0.1","1.5%","±0.1","1.4%","±0.2","1.6%","±0.2","2.3%","±0.3","2.1%","±0.5","2.5%","±0.6","1.6%","±0.2","1.3%","±0.2","1.9%","±0.2","2.1%","±0.5","2.4%","±0.7","1.7%","±0.6","1.3%","±0.1","1.1%","±0.2","1.5%","±0.2","1.4%","±0.4","1.2%","±0.5","1.6%","±0.6","1.5%","±0.5","0.8%","±0.4","2.1%","±0.8","1.3%","±0.2","1.1%","±0.2","1.6%","±0.3","1.2%","±0.4","0.9%","±0.4","1.6%","±0.6","3.4%","±1.2","3.1%","±1.3","3.7%","±1.7","1.6%","±0.1","1.4%","±0.1","1.8%","±0.1","1.8%","±0.4","1.9%","±0.4","1.7%","±0.6","2.4%","±0.4","2.0%","±0.5","2.8%","±0.6","1.6%","±0.6","1.2%","±0.6","2.1%","±1.0","1.1%","±0.2","1.1%","±0.3","1.1%","±0.3","1.5%","±0.2","1.3%","±0.3","1.7%","±0.3","2.1%","±0.4","1.4%","±0.5","2.7%","±0.5","2.4%","±0.6","2.4%","±1.1","2.3%","±0.8","1.7%","±0.1","1.4%","±0.1","1.9%","±0.1","2.2%","±0.3","1.9%","±0.4","2.5%","±0.4","1.7%","±0.1","1.6%","±0.1","1.8%","±0.2","1.8%","±0.1","1.5%","±0.2","2.0%","±0.2","1.1%","±0.1","0.9%","±0.1","1.3%","±0.2","1.8%","±0.1","1.5%","±0.1","2.2%","±0.2","2.0%","±0.2","1.7%","±0.3","2.3%","±0.3","1.5%","±0.2","1.3%","±0.2","1.6%","±0.3","2.0%","±0.4","1.6%","±0.5","2.4%","±0.6","1.9%","±0.2","1.6%","±0.2","2.2%","±0.3","2.0%","±0.3","1.6%","±0.3","2.4%","±0.5","1.5%","±0.1","1.2%","±0.1","1.8%","±0.2","1.4%","±0.3","1.2%","±0.4","1.6%","±0.5","2.7%","±0.5","2.6%","±0.6","2.7%","±0.7","1.7%","±0.2","1.4%","±0.3","2.0%","±0.4","2.0%","±0.3","1.9%","±0.4","2.2%","±0.4","1.4%","±0.2","1.1%","±0.2","1.7%","±0.3","2.3%","±0.4","2.0%","±0.7","2.6%","±0.6","1.3%","±0.2","1.1%","±0.3","1.6%","±0.3","1.6%","±0.2","1.6%","±0.2","1.6%","±0.2","1.4%","±0.3","1.0%","±0.4","1.6%","±0.5","1.6%","±0.4","1.4%","±0.6","1.7%","±0.7"
"    85 years and over","1.8%","±0.1","1.3%","±0.1","2.2%","±0.1","1.7%","±0.1","1.1%","±0.1","2.3%","±0.2","2.5%","±0.5","1.9%","±0.6","3.2%","±0.7","2.1%","±0.2","1.5%","±0.2","2.7%","±0.3","1.8%","±0.4","1.2%","±0.4","2.4%","±0.7","1.6%","±0.2","1.0%","±0.2","2.1%","±0.2","2.5%","±0.7","2.0%","±0.7","3.0%","±1.0","2.0%","±0.6","1.8%","±0.6","2.3%","±0.9","1.1%","±0.1","0.9%","±0.1","1.4%","±0.3","1.1%","±0.4","0.8%","±0.4","1.5%","±0.7","2.2%","±1.0","2.5%","±1.5","1.9%","±1.2","1.7%","±0.1","1.2%","±0.1","2.2%","±0.1","1.5%","±0.4","1.2%","±0.4","1.8%","±0.6","2.2%","±0.4","1.6%","±0.6","2.8%","±0.5","2.5%","±0.7","1.3%","±0.7","3.8%","±1.3","1.2%","±0.3","0.9%","±0.3","1.6%","±0.5","2.1%","±0.2","1.4%","±0.3","2.8%","±0.3","2.8%","±0.5","2.6%","±0.7","3.0%","±0.6","3.4%","±0.8","2.5%","±1.0","4.2%","±1.3","1.8%","±0.1","1.3%","±0.1","2.3%","±0.1","2.3%","±0.3","1.7%","±0.4","2.9%","±0.5","1.6%","±0.1","1.1%","±0.1","2.0%","±0.2","1.8%","±0.2","1.2%","±0.2","2.3%","±0.2","1.2%","±0.1","0.9%","±0.1","1.5%","±0.1","1.8%","±0.1","1.3%","±0.1","2.2%","±0.2","2.3%","±0.2","1.6%","±0.3","3.0%","±0.3","1.7%","±0.2","1.3%","±0.2","2.1%","±0.3","2.5%","±0.4","2.2%","±0.4","2.9%","±0.6","2.2%","±0.2","1.6%","±0.2","2.7%","±0.3","2.2%","±0.3","1.8%","±0.3","2.6%","±0.4","1.8%","±0.1","1.3%","±0.1","2.2%","±0.2","1.7%","±0.4","1.1%","±0.3","2.3%","±0.6","2.7%","±0.5","2.0%","±0.5","3.4%","±0.8","1.6%","±0.2","1.2%","±0.3","2.0%","±0.4","1.8%","±0.3","1.3%","±0.3","2.3%","±0.4","1.7%","±0.2","1.2%","±0.3","2.1%","±0.3","1.8%","±0.5","1.8%","±0.6","1.7%","±0.6","1.4%","±0.2","0.8%","±0.3","2.0%","±0.3","1.8%","±0.2","1.2%","±0.2","2.3%","±0.3","1.7%","±0.3","1.4%","±0.5","1.9%","±0.5","0.8%","±0.4","0.8%","±0.4","0.9%","±0.6"
"SELECTED AGE CATEGORIES","","","","","","","","","","","","","","","","","","","","","","","","","","","","","","","","","","","","","","","","","","","","","","","","","","","","","","","","","","","","","","","","","","","","","","","","","","","","","","","","","","","","","","","","","","","","","","","","","","","","","","","","","","","","","","","","","","","","","","","","","","","","","","","","","","","","","","","","","","","","","","","","","","","","","","","","","","","","","","","","","","","","","","","","","","","","","","","","","","","","","","","","","","","","","","","","","","","","","","","","","","","","","","","","","","","","","","","","","","","","","","","","","","","","","","","","","","","","","","","","","","","","","",""
"    5 to 14 years","12.9%","±0.1","13.3%","±0.1","12.6%","±0.1","11.8%","±0.1","12.3%","±0.1","11.3%","±0.1","11.6%","±0.2","11.7%","±0.2","11.5%","±0.3","13.3%","±0.1","13.9%","±0.1","12.7%","±0.1","12.5%","±0.6","13.3%","±0.9","11.7%","±0.5","15.8%","±0.1","16.2%","±0.1","15.4%","±0.1","11.3%","±0.2","11.6%","±0.5","10.9%","±0.6","15.3%","±0.4","15.7%","±0.7","15.0%","±0.6","16.4%","±0.1","16.1%","±0.1","16.7%","±0.1","15.4%","±0.4","14.4%","±0.7","16.7%","±0.6","10.8%","±1.2","10.8%","±2.1","10.9%","±1.6","12.2%","*****","12.7%","±0.1","11.8%","±0.1","15.6%","±0.3","16.2%","±0.7","15.0%","±0.4","12.0%","±0.1","12.4%","±0.2","11.6%","±0.1","12.0%","±0.4","12.2%","±0.6","11.9%","±0.5","17.1%","±0.2","17.1%","±0.3","17.2%","±0.5","14.7%","±0.1","14.7%","±0.1","14.7%","±0.1","12.3%","±0.2","12.5%","±0.2","12.0%","±0.4","9.1%","±0.8","9.1%","±1.1","9.2%","±1.2","12.6%","±0.1","13.0%","±0.1","12.1%","±0.1","13.1%","±0.1","13.7%","±0.2","12.5%","±0.2","14.7%","±0.1","15.0%","±0.1","14.3%","±0.1","13.5%","±0.1","14.1%","±0.1","13.0%","±0.1","15.0%","±0.1","15.4%","±0.1","14.6%","±0.1","11.9%","±0.1","12.1%","±0.1","11.8%","±0.1","6.9%","±0.1","6.9%","±0.1","6.9%","±0.1","15.7%","±0.1","16.1%","±0.1","15.2%","±0.1","10.0%","±0.3","9.9%","±0.3","10.1%","±0.4","11.8%","±0.1","12.2%","±0.1","11.4%","±0.1","12.2%","±0.1","12.3%","±0.1","12.2%","±0.1","12.8%","±0.1","13.0%","±0.1","12.6%","±0.1","11.0%","±0.2","11.4%","±0.3","10.7%","±0.2","11.8%","±0.3","12.0%","±0.3","11.5%","±0.5","12.8%","±0.1","13.2%","±0.1","12.4%","±0.2","11.3%","±0.1","11.8%","±0.2","10.8%","±0.1","15.1%","±0.2","15.8%","±0.2","14.5%","±0.2","15.2%","±0.5","15.7%","±0.3","14.8%","±0.9","17.6%","±0.1","18.0%","±0.1","17.2%","±0.1","13.3%","±0.1","13.7%","±0.2","13.0%","±0.1","12.2%","±0.3","12.6%","±0.4","11.8%","±0.4","15.2%","±0.6","15.0%","±1.0","15.4%","±0.7"
"    15 to 17 years","4.0%","±0.1","4.1%","±0.1","3.8%","±0.1","3.3%","±0.1","3.5%","±0.1","3.2%","±0.1","3.2%","±0.2","3.2%","±0.2","3.1%","±0.3","4.1%","±0.1","4.3%","±0.1","3.9%","±0.1","4.1%","±0.1","4.2%","±0.4","4.0%","±0.4","4.7%","±0.1","4.7%","±0.1","4.6%","±0.1","3.0%","±0.2","2.7%","±0.2","3.3%","±0.5","4.7%","±0.3","4.3%","±0.2","5.0%","±0.6","4.6%","±0.1","4.6%","±0.1","4.6%","±0.1","4.3%","±0.2","4.4%","±0.4","4.1%","±0.5","4.1%","±1.0","2.8%","±1.5","5.4%","±2.2","3.9%","*****","4.0%","±0.1","3.8%","±0.1","4.3%","±0.1","4.7%","±0.1","3.9%","±0.1","3.6%","±0.2","3.5%","±0.4","3.8%","±0.4","3.6%","±0.2","4.7%","±0.9","2.4%","±0.9","5.0%","±0.2","5.3%","±0.2","4.6%","±0.4","4.0%","±0.1","3.9%","±0.1","4.0%","±0.1","3.8%","±0.2","4.0%","±0.4","3.6%","±0.2","3.7%","±0.8","4.5%","±1.5","3.0%","±0.4","4.0%","±0.1","4.2%","±0.1","3.9%","±0.1","4.2%","±0.1","4.5%","±0.2","4.0%","±0.1","4.6%","±0.1","4.7%","±0.1","4.5%","±0.1","4.0%","±0.1","4.2%","±0.1","3.8%","±0.1","4.7%","±0.1","4.8%","±0.1","4.6%","±0.1","3.6%","±0.1","3.7%","±0.1","3.6%","±0.1","1.9%","±0.1","1.9%","±0.1","2.0%","±0.1","4.8%","±0.1","5.0%","±0.1","4.5%","±0.1","3.2%","±0.2","3.2%","±0.2","3.3%","±0.4","3.4%","±0.1","3.6%","±0.2","3.2%","±0.1","3.6%","±0.1","3.8%","±0.1","3.5%","±0.1","3.6%","±0.1","3.7%","±0.1","3.5%","±0.1","3.3%","±0.1","3.4%","±0.1","3.3%","±0.2","3.7%","±0.2","3.9%","±0.4","3.4%","±0.3","3.9%","±0.1","4.0%","±0.1","3.9%","±0.1","3.5%","±0.1","3.7%","±0.1","3.3%","±0.1","4.8%","±0.2","4.8%","±0.2","4.7%","±0.3","4.4%","±0.5","4.6%","±1.0","4.2%","±0.9","5.1%","±0.1","5.1%","±0.2","5.0%","±0.1","4.2%","±0.1","4.3%","±0.1","4.1%","±0.1","3.6%","±0.1","3.6%","±0.2","3.6%","±0.3","4.0%","±0.3","2.9%","±1.2","5.3%","±1.2"
"    18 to 24 years","10.1%","±0.1","10.5%","±0.1","9.7%","±0.1","8.9%","±0.1","9.1%","±0.1","8.7%","±0.1","15.1%","±0.4","15.6%","±0.5","14.6%","±0.5","8.5%","±0.1","9.0%","±0.1","8.1%","±0.1","7.9%","±0.5","7.7%","±0.6","8.0%","±0.7","10.8%","±0.1","11.1%","±0.1","10.5%","±0.1","13.8%","±0.7","14.0%","±0.8","13.5%","±1.2","11.1%","±0.5","11.8%","±0.8","10.2%","±0.4","10.9%","±0.1","11.4%","±0.1","10.4%","±0.1","11.1%","±0.4","11.2%","±0.5","11.1%","±0.6","7.0%","±1.3","7.1%","±2.3","7.0%","±0.8","10.2%","*****","10.5%","±0.1","9.9%","±0.1","10.2%","±0.5","10.9%","±0.9","9.6%","±0.3","6.4%","±0.2","7.0%","±0.3","5.8%","±0.2","7.8%","±0.9","7.8%","±1.7","7.8%","±0.8","12.2%","±0.4","12.8%","±0.5","11.5%","±0.7","10.5%","±0.1","10.8%","±0.1","10.2%","±0.2","9.2%","±0.3","9.8%","±0.6","8.7%","±0.4","6.5%","±0.7","7.3%","±1.2","5.8%","±0.8","9.7%","±0.1","10.0%","±0.1","9.4%","±0.1","7.8%","±0.2","8.4%","±0.2","7.2%","±0.3","10.2%","±0.1","10.5%","±0.1","10.0%","±0.1","9.2%","±0.1","9.6%","±0.1","8.8%","±0.1","11.0%","±0.1","11.6%","±0.1","10.5%","±0.1","11.0%","±0.1","12.1%","±0.1","9.8%","±0.1","7.5%","±0.1","7.2%","±0.1","7.9%","±0.1","10.1%","±0.1","10.6%","±0.1","9.7%","±0.2","15.4%","±0.3","16.3%","±0.4","14.4%","±0.2","7.5%","±0.1","7.9%","±0.2","7.1%","±0.1","16.1%","±0.2","16.3%","±0.3","15.8%","±0.2","8.7%","±0.1","9.0%","±0.1","8.4%","±0.1","15.3%","±0.4","15.2%","±0.4","15.4%","±0.6","8.1%","±0.5","8.5%","±0.8","7.7%","±0.4","9.4%","±0.1","10.1%","±0.2","8.7%","±0.1","8.6%","±0.1","8.9%","±0.1","8.4%","±0.3","9.9%","±0.1","10.3%","±0.2","9.6%","±0.2","9.3%","±0.3","9.6%","±0.6","9.0%","±0.3","10.6%","±0.1","11.0%","±0.2","10.2%","±0.2","9.9%","±0.1","10.2%","±0.2","9.6%","±0.1","19.5%","±0.3","19.0%","±0.5","19.9%","±0.4","9.4%","±0.9","9.1%","±0.8","9.7%","±1.8"
"    15 to 44 years","42.2%","±0.1","43.3%","±0.1","41.1%","±0.1","43.4%","±0.1","44.2%","±0.1","42.6%","±0.1","41.2%","±0.4","42.6%","±0.5","39.8%","±0.6","38.5%","±0.1","39.5%","±0.1","37.6%","±0.1","32.6%","±0.6","33.6%","±0.9","31.6%","±0.6","42.6%","±0.1","43.5%","±0.1","41.6%","±0.1","42.6%","±0.7","43.7%","±0.9","41.5%","±1.2","42.0%","±0.5","44.3%","±0.6","39.7%","±0.9","43.2%","±0.1","44.8%","±0.1","41.5%","±0.1","45.8%","±0.5","48.7%","±0.7","42.2%","±0.8","33.6%","±1.4","32.9%","±2.5","34.3%","±2.4","43.6%","*****","44.7%","±0.1","42.5%","±0.1","40.7%","±0.6","40.5%","±0.9","40.9%","±0.8","31.6%","±0.4","33.4%","±0.6","30.0%","±0.4","34.3%","±0.7","37.1%","±1.0","31.5%","±1.8","43.1%","±0.3","44.3%","±0.4","41.9%","±0.6","42.2%","±0.2","43.6%","±0.3","40.7%","±0.2","38.2%","±0.5","39.9%","±0.6","36.6%","±0.5","30.5%","±1.0","33.3%","±1.7","27.8%","±1.3","41.3%","±0.1","42.2%","±0.1","40.3%","±0.1","35.6%","±0.2","36.7%","±0.3","34.6%","±0.3","41.3%","±0.1","41.8%","±0.1","40.7%","±0.1","41.6%","±0.1","42.5%","±0.1","40.6%","±0.1","43.3%","±0.1","44.2%","±0.1","42.4%","±0.1","43.9%","±0.1","45.8%","±0.1","42.0%","±0.1","48.3%","±0.1","49.1%","±0.2","47.6%","±0.1","41.3%","±0.1","42.2%","±0.2","40.5%","±0.1","41.0%","±0.4","43.2%","±0.5","38.7%","±0.5","39.6%","±0.1","41.1%","±0.2","38.1%","±0.2","44.1%","±0.1","45.7%","±0.2","42.5%","±0.2","42.4%","±0.1","43.6%","±0.1","41.2%","±0.1","42.7%","±0.3","43.4%","±0.5","41.9%","±0.4","34.6%","±0.5","35.3%","±0.8","33.9%","±0.7","40.2%","±0.2","41.4%","±0.2","38.9%","±0.3","37.6%","±0.2","38.9%","±0.3","36.3%","±0.3","41.4%","±0.2","42.0%","±0.3","40.8%","±0.3","39.9%","±0.8","40.1%","±1.3","39.6%","±0.9","41.9%","±0.2","42.6%","±0.3","41.2%","±0.2","39.6%","±0.1","40.9%","±0.2","38.5%","±0.2","48.2%","±0.3","48.3%","±0.6","48.1%","±0.4","42.2%","±1.4","40.4%","±1.7","44.3%","±2.3"
"    16 years and over","79.4%","±0.1","78.8%","±0.1","79.9%","±0.1","81.1%","±0.1","80.4%","±0.2","81.7%","±0.1","82.1%","±0.3","81.2%","±0.7","82.9%","±0.5","79.5%","±0.1","78.5%","±0.2","80.4%","±0.2","82.2%","±0.5","81.3%","±0.9","83.1%","±0.9","74.4%","±0.2","73.8%","±0.3","75.0%","±0.2","82.4%","±0.3","82.5%","±0.8","82.2%","±0.9","74.6%","±0.5","74.8%","±0.8","74.4%","±0.8","73.9%","±0.2","74.3%","±0.3","73.5%","±0.2","75.1%","±0.4","76.3%","±0.8","73.7%","±0.9","82.4%","±1.0","81.7%","±1.4","83.2%","±2.2","80.2%","±0.1","79.5%","±0.1","80.9%","±0.1","76.0%","±0.6","75.1%","±1.0","76.8%","±0.7","81.8%","±0.3","81.4%","±0.4","82.1%","±0.5","81.5%","±0.7","81.6%","±1.4","81.4%","±1.4","73.8%","±0.4","73.8%","±0.6","73.8%","±0.5","76.4%","±0.2","76.4%","±0.3","76.4%","±0.3","80.9%","±0.4","80.6%","±0.6","81.2%","±0.7","84.8%","±0.5","84.8%","±1.4","84.8%","±1.3","80.1%","±0.1","79.4%","±0.1","80.8%","±0.1","80.2%","±0.2","79.1%","±0.4","81.3%","±0.3","77.2%","±0.1","76.4%","±0.2","77.9%","±0.1","78.6%","±0.1","77.6%","±0.2","79.5%","±0.2","76.3%","±0.1","75.7%","±0.2","76.9%","±0.2","80.4%","±0.1","80.1%","±0.1","80.6%","±0.1","88.0%","±0.1","88.2%","±0.2","87.8%","±0.2","75.6%","±0.2","74.9%","±0.3","76.3%","±0.3","84.0%","±0.3","84.0%","±0.5","84.0%","±0.6","81.1%","±0.2","80.4%","±0.3","81.7%","±0.2","80.1%","±0.2","80.0%","±0.3","80.2%","±0.3","79.7%","±0.1","79.5%","±0.1","80.0%","±0.1","82.5%","±0.3","81.7%","±0.4","83.2%","±0.4","81.3%","±0.4","80.6%","±0.5","81.9%","±0.6","79.9%","±0.2","79.6%","±0.3","80.2%","±0.4","81.9%","±0.2","81.0%","±0.5","82.7%","±0.4","76.0%","±0.2","75.1%","±0.4","76.8%","±0.4","76.5%","±0.7","75.4%","±1.2","77.7%","±1.0","72.0%","±0.3","71.2%","±0.4","72.7%","±0.4","79.1%","±0.2","78.6%","±0.2","79.5%","±0.2","80.9%","±0.4","80.3%","±0.6","81.5%","±0.6","75.7%","±0.7","71.4%","±1.4","80.4%","±1.6"
"    18 years and over","76.7%","±0.1","76.1%","±0.1","77.4%","±0.1","78.9%","*****","78.0%","±0.1","79.7%","±0.1","79.9%","*****","79.2%","±0.4","80.5%","±0.4","76.8%","*****","75.7%","±0.1","77.8%","±0.1","79.5%","±0.3","78.8%","±0.8","80.2%","±0.8","71.4%","±0.1","70.7%","±0.1","72.0%","±0.1","80.5%","*****","80.5%","±0.7","80.4%","±0.7","71.7%","±0.2","71.7%","±0.6","71.7%","±0.4","70.8%","±0.1","71.1%","±0.1","70.4%","±0.1","72.6%","*****","73.9%","±0.5","70.9%","±0.6","79.4%","±0.6","79.1%","±1.8","79.6%","±2.0","77.6%","*****","76.8%","±0.1","78.4%","±0.1","72.8%","±0.4","71.5%","±0.8","74.0%","±0.5","79.5%","±0.1","79.3%","±0.3","79.8%","±0.3","78.7%","±0.4","77.8%","±1.2","79.6%","±1.2","70.1%","±0.1","69.8%","±0.3","70.5%","±0.3","73.7%","±0.1","73.7%","±0.2","73.6%","±0.2","78.5%","±0.1","77.9%","±0.4","79.1%","±0.4","82.3%","±0.2","81.7%","±1.2","82.9%","±1.2","77.4%","*****","76.6%","±0.1","78.2%","±0.1","77.4%","±0.1","76.3%","±0.2","78.4%","±0.2","74.0%","*****","73.4%","±0.1","74.7%","±0.1","75.9%","*****","74.8%","±0.1","77.0%","±0.1","73.2%","±0.1","72.5%","±0.1","73.9%","±0.1","77.9%","*****","77.7%","±0.1","78.2%","±0.1","86.6%","±0.1","86.7%","±0.2","86.4%","±0.1","72.5%","±0.1","71.6%","±0.2","73.4%","±0.1","81.9%","±0.1","81.8%","±0.4","82.0%","±0.4","78.8%","*****","78.0%","±0.2","79.5%","±0.1","77.7%","±0.1","77.2%","±0.1","78.1%","±0.1","77.2%","*****","76.8%","±0.1","77.7%","±0.1","80.2%","*****","79.6%","±0.3","80.9%","±0.3","78.8%","±0.2","78.4%","±0.4","79.2%","±0.5","77.2%","±0.1","76.5%","±0.2","77.9%","±0.1","79.7%","±0.1","78.6%","±0.3","80.6%","±0.3","72.9%","*****","71.8%","±0.2","74.0%","±0.3","73.8%","±0.1","72.5%","±1.0","75.0%","±1.0","68.7%","±0.1","68.1%","±0.1","69.3%","±0.1","76.2%","±0.1","75.6%","±0.1","76.8%","±0.1","78.4%","±0.3","77.8%","±0.6","79.0%","±0.4","72.3%","±0.5","69.2%","±1.5","75.8%","±1.8"
"    60 years and over","18.7%","±0.1","17.1%","±0.1","20.3%","±0.1","18.2%","±0.2","16.7%","±0.3","19.7%","±0.3","23.8%","±0.6","21.5%","±0.9","26.1%","±0.6","20.4%","±0.3","18.5%","±0.3","22.3%","±0.4","26.9%","±1.0","26.1%","±1.1","27.6%","±1.6","16.0%","±0.3","14.7%","±0.4","17.2%","±0.3","23.1%","±0.9","21.8%","±1.2","24.3%","±1.1","17.6%","±0.8","15.8%","±0.9","19.4%","±1.1","14.7%","±0.3","13.5%","±0.4","16.1%","±0.4","13.8%","±0.5","11.4%","±0.7","16.9%","±0.9","30.7%","±1.5","31.3%","±2.3","30.0%","±2.5","17.9%","±0.1","16.1%","±0.1","19.6%","±0.1","18.3%","±0.8","18.3%","±1.1","18.3%","±1.1","28.1%","±0.6","26.4%","±0.8","29.7%","±0.9","28.2%","±1.2","25.5%","±1.6","31.0%","±1.6","15.7%","±0.5","14.6%","±0.7","16.9%","±0.6","17.1%","±0.4","15.4%","±0.6","18.9%","±0.5","23.4%","±0.7","21.8%","±1.1","24.9%","±0.9","33.6%","±1.3","30.7%","±1.7","36.3%","±1.7","19.0%","±0.2","17.3%","±0.2","20.6%","±0.2","25.3%","±0.5","23.8%","±0.7","26.6%","±0.7","18.6%","±0.2","17.2%","±0.2","20.0%","±0.2","18.7%","±0.2","17.0%","±0.3","20.3%","±0.3","15.9%","±0.2","14.6%","±0.3","17.1%","±0.3","18.6%","±0.1","16.8%","±0.2","20.4%","±0.2","20.6%","±0.4","18.8%","±0.5","22.5%","±0.4","17.2%","±0.3","15.9%","±0.4","18.6%","±0.4","25.5%","±0.6","23.8%","±0.8","27.1%","±0.8","21.0%","±0.4","19.2%","±0.5","22.8%","±0.4","19.4%","±0.4","17.9%","±0.6","21.0%","±0.6","17.7%","±0.2","16.1%","±0.3","19.3%","±0.3","21.3%","±0.6","20.1%","±0.7","22.5%","±0.8","27.0%","±0.7","26.2%","±0.8","27.8%","±1.1","20.6%","±0.4","18.7%","±0.6","22.4%","±0.6","24.9%","±0.4","23.4%","±0.6","26.4%","±0.5","17.4%","±0.4","16.2%","±0.6","18.6%","±0.5","19.9%","±0.8","18.8%","±1.0","20.9%","±1.1","15.3%","±0.4","14.0%","±0.6","16.6%","±0.6","19.7%","±0.3","18.1%","±0.4","21.2%","±0.4","16.7%","±0.5","15.6%","±0.7","17.7%","±0.8","16.0%","±1.1","15.7%","±1.7","16.2%","±1.7"
"    62 years and over","16.4%","±0.1","14.8%","±0.1","18.0%","±0.1","15.8%","±0.2","14.4%","±0.2","17.2%","±0.3","21.0%","±0.5","19.3%","±0.7","22.7%","±0.7","18.1%","±0.3","16.2%","±0.3","19.9%","±0.4","24.4%","±0.9","23.9%","±1.1","24.9%","±1.4","13.9%","±0.2","12.7%","±0.3","15.2%","±0.3","19.9%","±0.8","18.6%","±1.1","21.2%","±1.0","15.9%","±0.7","14.3%","±0.8","17.5%","±1.1","12.7%","±0.2","11.4%","±0.4","14.1%","±0.3","11.7%","±0.6","9.5%","±0.5","14.4%","±1.1","27.3%","±1.5","28.4%","±2.5","26.1%","±2.0","15.6%","±0.1","13.8%","±0.1","17.3%","±0.1","16.2%","±0.8","15.9%","±1.0","16.5%","±1.2","24.9%","±0.5","23.1%","±0.8","26.6%","±0.7","24.8%","±1.2","22.5%","±1.6","27.1%","±1.5","13.6%","±0.5","12.6%","±0.7","14.5%","±0.6","15.0%","±0.3","13.5%","±0.5","16.6%","±0.5","21.1%","±0.7","19.4%","±0.8","22.8%","±0.8","30.3%","±1.3","27.6%","±1.6","33.0%","±1.7","16.6%","±0.1","15.0%","±0.2","18.1%","±0.2","22.3%","±0.4","20.3%","±0.6","24.2%","±0.7","16.5%","±0.2","15.2%","±0.2","17.8%","±0.2","16.3%","±0.2","14.7%","±0.2","17.8%","±0.3","13.7%","±0.2","12.5%","±0.3","14.9%","±0.2","16.3%","±0.1","14.5%","±0.2","18.0%","±0.2","18.3%","±0.3","16.4%","±0.3","20.3%","±0.4","14.8%","±0.3","13.4%","±0.4","16.1%","±0.3","22.5%","±0.6","20.8%","±0.7","24.3%","±0.7","18.3%","±0.3","16.7%","±0.4","19.9%","±0.4","16.9%","±0.3","15.2%","±0.4","18.6%","±0.4","15.3%","±0.2","13.7%","±0.2","17.0%","±0.2","18.5%","±0.5","17.0%","±0.6","19.9%","±0.7","24.5%","±0.7","23.4%","±0.8","25.5%","±1.0","17.6%","±0.4","15.9%","±0.6","19.4%","±0.5","21.8%","±0.4","20.2%","±0.5","23.2%","±0.5","15.1%","±0.3","14.1%","±0.5","16.1%","±0.4","18.0%","±0.8","17.0%","±1.2","19.0%","±0.9","13.4%","±0.3","12.0%","±0.4","14.7%","±0.4","17.3%","±0.3","15.7%","±0.3","18.9%","±0.4","14.5%","±0.5","14.0%","±0.8","15.0%","±0.6","14.8%","±1.2","14.6%","±1.7","15.1%","±1.7"
"    65 years and over","13.3%","±0.1","11.8%","±0.1","14.7%","±0.1","12.7%","*****","11.3%","±0.1","14.1%","±0.1","17.4%","±0.2","15.9%","±0.3","18.9%","±0.2","14.6%","±0.1","13.1%","±0.1","16.0%","±0.1","19.1%","±0.4","18.3%","±0.8","20.0%","±0.6","11.5%","±0.1","10.3%","±0.1","12.7%","±0.1","16.1%","±0.4","15.3%","±0.6","16.9%","±0.7","12.6%","±0.3","11.1%","±0.4","14.2%","±0.4","10.1%","±0.1","9.0%","±0.1","11.2%","±0.1","9.5%","±0.3","7.9%","±0.3","11.4%","±0.5","21.5%","±1.0","21.5%","±1.7","21.5%","±1.4","12.6%","*****","11.0%","±0.1","14.1%","±0.1","13.2%","±0.5","12.8%","±0.4","13.7%","±0.9","20.2%","±0.1","18.5%","±0.2","21.9%","±0.2","19.7%","±0.6","17.3%","±0.7","22.1%","±1.2","10.8%","±0.1","9.8%","±0.2","11.7%","±0.2","12.4%","±0.1","10.9%","±0.1","13.9%","±0.1","17.8%","±0.3","16.3%","±0.5","19.2%","±0.4","24.0%","±0.4","22.9%","±0.7","25.0%","±0.8","13.6%","±0.1","12.1%","±0.1","15.0%","±0.1","18.4%","±0.1","16.8%","±0.2","19.9%","±0.1","13.5%","±0.1","12.4%","±0.1","14.7%","±0.1","13.2%","±0.1","11.6%","±0.1","14.7%","±0.1","10.7%","±0.1","9.7%","±0.1","11.8%","±0.1","13.1%","±0.1","11.5%","±0.1","14.7%","±0.1","14.6%","±0.1","12.9%","±0.1","16.5%","±0.1","12.0%","±0.1","10.7%","±0.1","13.4%","±0.1","18.1%","±0.2","16.5%","±0.2","19.8%","±0.3","15.0%","±0.1","13.2%","±0.1","16.8%","±0.1","14.4%","±0.1","12.9%","±0.2","15.9%","±0.1","12.5%","±0.1","11.0%","±0.1","14.0%","±0.1","14.3%","±0.2","13.1%","±0.3","15.4%","±0.2","19.9%","±0.2","18.9%","±0.3","20.8%","±0.4","14.1%","±0.1","12.6%","±0.1","15.4%","±0.1","17.4%","±0.1","15.7%","±0.1","19.1%","±0.2","12.4%","±0.1","11.0%","±0.2","13.8%","±0.2","15.2%","±0.5","14.4%","±0.9","16.0%","±0.3","10.7%","±0.1","9.6%","±0.1","11.7%","±0.1","14.1%","±0.1","12.7%","±0.1","15.4%","±0.1","12.0%","±0.2","11.3%","±0.4","12.6%","±0.3","12.3%","±0.8","12.0%","±1.4","12.7%","±0.8"
"    75 years and over","5.6%","±0.1","4.7%","±0.1","6.6%","±0.1","5.3%","±0.1","4.3%","±0.1","6.2%","±0.1","7.6%","±0.2","6.4%","±0.3","8.8%","±0.3","6.1%","±0.1","5.1%","±0.1","7.0%","±0.1","7.2%","±0.4","6.5%","±0.6","8.0%","±0.5","4.9%","±0.1","4.0%","±0.1","5.7%","±0.1","6.3%","±0.4","5.5%","±0.6","7.1%","±0.7","5.6%","±0.2","4.8%","±0.2","6.6%","±0.3","4.0%","±0.1","3.3%","±0.1","4.7%","±0.1","4.0%","±0.2","3.1%","±0.2","5.2%","±0.4","8.9%","±0.8","8.6%","±1.4","9.1%","±0.8","5.5%","±0.1","4.5%","±0.1","6.5%","±0.1","5.0%","±0.2","4.6%","±0.5","5.3%","±0.2","8.3%","±0.3","7.0%","±0.3","9.5%","±0.4","7.3%","±0.4","5.7%","±0.4","9.1%","±0.6","4.5%","±0.2","4.0%","±0.3","5.0%","±0.2","5.4%","±0.1","4.4%","±0.1","6.4%","±0.1","8.0%","±0.5","7.1%","±0.7","8.9%","±0.7","9.4%","±0.2","8.4%","±0.3","10.4%","±0.5","5.9%","±0.1","4.9%","±0.1","6.9%","±0.1","7.9%","±0.1","6.9%","±0.2","9.0%","±0.1","5.8%","±0.1","5.1%","±0.1","6.5%","±0.1","5.6%","±0.1","4.5%","±0.1","6.5%","±0.1","4.2%","±0.1","3.5%","±0.1","4.9%","±0.1","5.7%","±0.1","4.6%","±0.1","6.7%","±0.1","6.7%","±0.1","5.4%","±0.1","8.1%","±0.1","5.0%","±0.1","4.1%","±0.1","5.9%","±0.1","7.4%","±0.2","6.3%","±0.2","8.5%","±0.3","6.6%","±0.1","5.4%","±0.1","7.8%","±0.1","6.6%","±0.1","5.5%","±0.1","7.7%","±0.2","5.5%","±0.1","4.5%","±0.1","6.4%","±0.1","5.4%","±0.2","4.4%","±0.2","6.3%","±0.2","8.2%","±0.2","7.4%","±0.3","9.0%","±0.3","5.5%","±0.1","4.5%","±0.1","6.5%","±0.1","6.8%","±0.1","5.5%","±0.1","8.0%","±0.1","5.2%","±0.1","4.3%","±0.1","6.1%","±0.1","6.1%","±0.2","5.4%","±0.4","6.8%","±0.3","4.4%","±0.1","3.7%","±0.1","5.1%","±0.1","5.9%","±0.1","4.9%","±0.1","6.9%","±0.1","4.8%","±0.2","4.2%","±0.3","5.4%","±0.2","4.4%","±0.4","4.3%","±0.7","4.5%","±0.3"
"SUMMARY INDICATORS","","","","","","","","","","","","","","","","","","","","","","","","","","","","","","","","","","","","","","","","","","","","","","","","","","","","","","","","","","","","","","","","","","","","","","","","","","","","","","","","","","","","","","","","","","","","","","","","","","","","","","","","","","","","","","","","","","","","","","","","","","","","","","","","","","","","","","","","","","","","","","","","","","","","","","","","","","","","","","","","","","","","","","","","","","","","","","","","","","","","","","","","","","","","","","","","","","","","","","","","","","","","","","","","","","","","","","","","","","","","","","","","","","","","","","","","","","","","","","","","","","","","","",""
"    Median age (years)","36.2","±0.1","35.1","±0.1","37.4","±0.1","37.4","±0.2","36.5","±0.1","38.4","±0.2","37.2","±0.5","35.5","±0.3","38.7","±0.8","39.5","±0.3","38.0","±0.3","40.7","±0.3","45.4","±0.2","44.6","±0.6","45.8","±0.5","31.8","±0.2","30.9","±0.2","33.0","±0.3","37.4","±0.6","37.1","±0.9","37.8","±1.4","32.6","±0.4","31.3","±1.1","33.8","±0.6","31.4","±0.2","30.9","±0.2","32.0","±0.3","31.8","±0.5","31.8","±0.7","31.7","±0.9","44.9","±1.1","44.1","±2.1","45.7","±2.1","36.1","±0.2","35.0","±0.1","37.3","±0.1","34.3","±0.4","33.4","±0.6","35.1","±0.3","46.1","±0.3","44.5","±0.5","47.5","±0.5","43.1","±0.7","40.8","±1.2","45.3","±1.3","30.6","±0.3","30.1","±0.3","31.1","±0.6","34.0","±0.3","33.4","±0.4","34.6","±0.2","40.1","±0.6","38.2","±0.8","42.0","±0.9","50.0","±0.6","47.5","±1.8","51.8","±1.1","37.8","±0.2","36.4","±0.2","39.0","±0.2","41.8","±0.5","40.5","±0.5","43.3","±0.5","35.1","±0.1","34.1","±0.2","36.1","±0.2","36.0","±0.2","34.6","±0.1","37.2","±0.3","33.0","±0.1","31.9","±0.2","34.1","±0.2","35.5","±0.1","34.2","±0.1","36.8","±0.2","38.3","±0.3","38.1","±0.3","38.6","±0.3","34.1","±0.2","32.9","±0.3","35.3","±0.2","38.7","±0.6","37.4","±0.5","40.8","±1.1","39.8","±0.3","38.6","±0.5","41.1","±0.4","34.0","±0.2","32.6","±0.4","35.0","±0.2","37.2","±0.2","36.3","±0.2","38.3","±0.2","36.9","±0.6","35.8","±0.5","38.0","±1.2","43.0","±0.6","41.4","±1.1","43.8","±0.6","37.6","±0.4","36.0","±0.3","39.1","±0.4","41.2","±0.4","39.2","±0.5","43.1","±0.4","34.0","±0.3","32.7","±0.5","35.6","±0.4","35.4","±0.6","34.3","±1.3","35.9","±0.5","30.6","±0.2","30.0","±0.1","31.2","±0.4","37.5","±0.2","36.3","±0.2","38.8","±0.4","31.3","±0.3","31.1","±0.4","31.5","±0.6","32.3","±1.3","30.5","±0.7","34.8","±1.4"
"    Sex ratio (males per 100 females)","98.7","±0.1","(X)","(X)","(X)","(X)","96.3","±0.1","(X)","(X)","(X)","(X)","98.0","±1.0","(X)","(X)","(X)","(X)","95.4","±0.2","(X)","(X)","(X)","(X)","100.4","±2.6","(X)","(X)","(X)","(X)","99.8","±0.3","(X)","(X)","(X)","(X)","98.6","±2.3","(X)","(X)","(X)","(X)","103.9","±1.5","(X)","(X)","(X)","(X)","105.3","±0.3","(X)","(X)","(X)","(X)","125.2","±2.3","(X)","(X)","(X)","(X)","104.8","±5.9","(X)","(X)","(X)","(X)","97.1","±0.1","(X)","(X)","(X)","(X)","92.0","±1.7","(X)","(X)","(X)","(X)","94.4","±0.8","(X)","(X)","(X)","(X)","101.5","±3.4","(X)","(X)","(X)","(X)","101.9","±1.1","(X)","(X)","(X)","(X)","103.2","±0.6","(X)","(X)","(X)","(X)","98.7","±1.3","(X)","(X)","(X)","(X)","94.5","±3.2","(X)","(X)","(X)","(X)","97.6","±0.1","(X)","(X)","(X)","(X)","95.6","±0.5","(X)","(X)","(X)","(X)","99.0","±0.1","(X)","(X)","(X)","(X)","95.7","±0.1","(X)","(X)","(X)","(X)","99.1","±0.2","(X)","(X)","(X)","(X)","101.0","±0.1","(X)","(X)","(X)","(X)","103.5","±0.3","(X)","(X)","(X)","(X)","99.2","±0.2","(X)","(X)","(X)","(X)","102.5","±1.0","(X)","(X)","(X)","(X)","97.0","±0.4","(X)","(X)","(X)","(X)","100.5","±0.5","(X)","(X)","(X)","(X)","101.4","±0.1","(X)","(X)","(X)","(X)","98.3","±0.8","(X)","(X)","(X)","(X)","95.8","±1.5","(X)","(X)","(X)","(X)","98.4","±0.6","(X)","(X)","(X)","(X)","95.8","±0.8","(X)","(X)","(X)","(X)","98.4","±0.7","(X)","(X)","(X)","(X)","99.3","±3.0","(X)","(X)","(X)","(X)","100.2","±0.5","(X)","(X)","(X)","(X)","97.7","±0.2","(X)","(X)","(X)","(X)","94.2","±1.2","(X)","(X)","(X)","(X)","110.9","±5.8","(X)","(X)","(X)","(X)"
"    Age dependency ratio","57.6","±0.1","(X)","(X)","(X)","(X)","51.2","*****","(X)","(X)","(X)","(X)","60.1","±0.5","(X)","(X)","(X)","(X)","60.7","±0.1","(X)","(X)","(X)","(X)","65.7","±1.4","(X)","(X)","(X)","(X)","67.0","±0.1","(X)","(X)","(X)","(X)","55.4","±1.1","(X)","(X)","(X)","(X)","69.2","±1.0","(X)","(X)","(X)","(X)","64.8","±0.1","(X)","(X)","(X)","(X)","58.5","±0.8","(X)","(X)","(X)","(X)","72.9","±3.1","(X)","(X)","(X)","(X)","53.8","*****","(X)","(X)","(X)","(X)","67.8","±1.8","(X)","(X)","(X)","(X)","68.6","±0.4","(X)","(X)","(X)","(X)","69.5","±2.1","(X)","(X)","(X)","(X)","68.4","±0.4","(X)","(X)","(X)","(X)","63.2","±0.3","(X)","(X)","(X)","(X)","64.6","±0.9","(X)","(X)","(X)","(X)","71.5","±1.5","(X)","(X)","(X)","(X)","56.7","±0.1","(X)","(X)","(X)","(X)","69.5","±0.3","(X)","(X)","(X)","(X)","65.3","±0.1","(X)","(X)","(X)","(X)","59.4","±0.1","(X)","(X)","(X)","(X)","60.2","±0.1","(X)","(X)","(X)","(X)","54.2","±0.1","(X)","(X)","(X)","(X)","39.0","±0.2","(X)","(X)","(X)","(X)","65.4","±0.2","(X)","(X)","(X)","(X)","56.9","±0.5","(X)","(X)","(X)","(X)","56.8","±0.2","(X)","(X)","(X)","(X)","58.0","±0.2","(X)","(X)","(X)","(X)","54.4","±0.1","(X)","(X)","(X)","(X)","51.6","±0.4","(X)","(X)","(X)","(X)","69.7","±0.8","(X)","(X)","(X)","(X)","58.3","±0.3","(X)","(X)","(X)","(X)","60.7","±0.3","(X)","(X)","(X)","(X)","65.4","±0.3","(X)","(X)","(X)","(X)","70.8","±1.4","(X)","(X)","(X)","(X)","72.3","±0.2","(X)","(X)","(X)","(X)","61.0","±0.2","(X)","(X)","(X)","(X)","50.5","±0.9","(X)","(X)","(X)","(X)","66.6","±2.5","(X)","(X)","(X)","(X)"
"    Old-Age dependency ratio","20.9","±0.1","(X)","(X)","(X)","(X)","19.3","*****","(X)","(X)","(X)","(X)","27.9","±0.4","(X)","(X)","(X)","(X)","23.4","±0.1","(X)","(X)","(X)","(X)","31.7","±0.9","(X)","(X)","(X)","(X)","19.2","±0.1","(X)","(X)","(X)","(X)","25.1","±0.9","(X)","(X)","(X)","(X)","21.3","±0.5","(X)","(X)","(X)","(X)","16.6","±0.1","(X)","(X)","(X)","(X)","15.0","±0.6","(X)","(X)","(X)","(X)","37.2","±2.2","(X)","(X)","(X)","(X)","19.3","*****","(X)","(X)","(X)","(X)","22.2","±1.0","(X)","(X)","(X)","(X)","34.1","±0.3","(X)","(X)","(X)","(X)","33.4","±1.4","(X)","(X)","(X)","(X)","18.1","±0.3","(X)","(X)","(X)","(X)","20.2","±0.2","(X)","(X)","(X)","(X)","29.2","±0.7","(X)","(X)","(X)","(X)","41.1","±1.0","(X)","(X)","(X)","(X)","21.3","±0.1","(X)","(X)","(X)","(X)","31.1","±0.2","(X)","(X)","(X)","(X)","22.4","±0.1","(X)","(X)","(X)","(X)","21.0","±0.1","(X)","(X)","(X)","(X)","17.2","±0.1","(X)","(X)","(X)","(X)","20.2","±0.1","(X)","(X)","(X)","(X)","20.4","±0.1","(X)","(X)","(X)","(X)","19.9","±0.1","(X)","(X)","(X)","(X)","28.4","±0.3","(X)","(X)","(X)","(X)","23.5","±0.1","(X)","(X)","(X)","(X)","22.7","±0.2","(X)","(X)","(X)","(X)","19.3","±0.1","(X)","(X)","(X)","(X)","21.6","±0.3","(X)","(X)","(X)","(X)","33.7","±0.5","(X)","(X)","(X)","(X)","22.3","±0.2","(X)","(X)","(X)","(X)","28.0","±0.2","(X)","(X)","(X)","(X)","20.5","±0.2","(X)","(X)","(X)","(X)","26.0","±1.0","(X)","(X)","(X)","(X)","18.4","±0.1","(X)","(X)","(X)","(X)","22.7","±0.1","(X)","(X)","(X)","(X)","18.0","±0.4","(X)","(X)","(X)","(X)","20.5","±1.6","(X)","(X)","(X)","(X)"
"    Child dependency ratio","36.7","±0.1","(X)","(X)","(X)","(X)","32.0","*****","(X)","(X)","(X)","(X)","32.2","±0.1","(X)","(X)","(X)","(X)","37.3","±0.1","(X)","(X)","(X)","(X)","34.0","±0.7","(X)","(X)","(X)","(X)","47.8","±0.1","(X)","(X)","(X)","(X)","30.4","±0.2","(X)","(X)","(X)","(X)","47.8","±0.6","(X)","(X)","(X)","(X)","48.2","±0.1","(X)","(X)","(X)","(X)","43.5","±0.2","(X)","(X)","(X)","(X)","35.7","±1.5","(X)","(X)","(X)","(X)","34.5","*****","(X)","(X)","(X)","(X)","45.6","±1.1","(X)","(X)","(X)","(X)","34.5","±0.1","(X)","(X)","(X)","(X)","36.1","±1.0","(X)","(X)","(X)","(X)","50.3","±0.1","(X)","(X)","(X)","(X)","43.0","±0.1","(X)","(X)","(X)","(X)","35.4","±0.3","(X)","(X)","(X)","(X)","30.4","±0.6","(X)","(X)","(X)","(X)","35.4","±0.1","(X)","(X)","(X)","(X)","38.4","±0.1","(X)","(X)","(X)","(X)","42.9","±0.1","(X)","(X)","(X)","(X)","38.4","±0.1","(X)","(X)","(X)","(X)","43.0","±0.1","(X)","(X)","(X)","(X)","34.0","±0.1","(X)","(X)","(X)","(X)","18.7","±0.1","(X)","(X)","(X)","(X)","45.4","±0.2","(X)","(X)","(X)","(X)","28.4","±0.3","(X)","(X)","(X)","(X)","33.3","±0.1","(X)","(X)","(X)","(X)","35.3","±0.1","(X)","(X)","(X)","(X)","35.1","±0.1","(X)","(X)","(X)","(X)","30.0","±0.1","(X)","(X)","(X)","(X)","36.0","±0.5","(X)","(X)","(X)","(X)","36.1","±0.1","(X)","(X)","(X)","(X)","32.7","±0.1","(X)","(X)","(X)","(X)","44.9","±0.1","(X)","(X)","(X)","(X)","44.8","±0.4","(X)","(X)","(X)","(X)","53.9","±0.1","(X)","(X)","(X)","(X)","38.3","±0.1","(X)","(X)","(X)","(X)","32.5","±0.6","(X)","(X)","(X)","(X)","46.1","±1.3","(X)","(X)","(X)","(X)"
"PERCENT IMPUTED","","","","","","","","","","","","","","","","","","","","","","","","","","","","","","","","","","","","","","","","","","","","","","","","","","","","","","","","","","","","","","","","","","","","","","","","","","","","","","","","","","","","","","","","","","","","","","","","","","","","","","","","","","","","","","","","","","","","","","","","","","","","","","","","","","","","","","","","","","","","","","","","","","","","","","","","","","","","","","","","","","","","","","","","","","","","","","","","","","","","","","","","","","","","","","","","","","","","","","","","","","","","","","","","","","","","","","","","","","","","","","","","","","","","","","","","","","","","","","","","","","","","","",""
"    Sex","0.0%","(X)","(X)","(X)","(X)","(X)","0.1%","(X)","(X)","(X)","(X)","(X)","0.1%","(X)","(X)","(X)","(X)","(X)","0.1%","(X)","(X)","(X)","(X)","(X)","0.3%","(X)","(X)","(X)","(X)","(X)","0.1%","(X)","(X)","(X)","(X)","(X)","0.1%","(X)","(X)","(X)","(X)","(X)","0.1%","(X)","(X)","(X)","(X)","(X)","0.1%","(X)","(X)","(X)","(X)","(X)","0.3%","(X)","(X)","(X)","(X)","(X)","0.2%","(X)","(X)","(X)","(X)","(X)","0.0%","(X)","(X)","(X)","(X)","(X)","0.1%","(X)","(X)","(X)","(X)","(X)","0.2%","(X)","(X)","(X)","(X)","(X)","0.0%","(X)","(X)","(X)","(X)","(X)","0.0%","(X)","(X)","(X)","(X)","(X)","0.1%","(X)","(X)","(X)","(X)","(X)","0.0%","(X)","(X)","(X)","(X)","(X)","0.3%","(X)","(X)","(X)","(X)","(X)","0.0%","(X)","(X)","(X)","(X)","(X)","0.0%","(X)","(X)","(X)","(X)","(X)","0.0%","(X)","(X)","(X)","(X)","(X)","0.1%","(X)","(X)","(X)","(X)","(X)","0.0%","(X)","(X)","(X)","(X)","(X)","0.1%","(X)","(X)","(X)","(X)","(X)","0.0%","(X)","(X)","(X)","(X)","(X)","0.0%","(X)","(X)","(X)","(X)","(X)","0.1%","(X)","(X)","(X)","(X)","(X)","0.0%","(X)","(X)","(X)","(X)","(X)","0.0%","(X)","(X)","(X)","(X)","(X)","0.0%","(X)","(X)","(X)","(X)","(X)","0.0%","(X)","(X)","(X)","(X)","(X)","0.0%","(X)","(X)","(X)","(X)","(X)","0.0%","(X)","(X)","(X)","(X)","(X)","0.0%","(X)","(X)","(X)","(X)","(X)","0.0%","(X)","(X)","(X)","(X)","(X)","0.0%","(X)","(X)","(X)","(X)","(X)","0.1%","(X)","(X)","(X)","(X)","(X)","0.0%","(X)","(X)","(X)","(X)","(X)","0.1%","(X)","(X)","(X)","(X)","(X)","0.0%","(X)","(X)","(X)","(X)","(X)"
"    Age","2.0%","(X)","(X)","(X)","(X)","(X)","3.2%","(X)","(X)","(X)","(X)","(X)","1.7%","(X)","(X)","(X)","(X)","(X)","1.4%","(X)","(X)","(X)","(X)","(X)","2.2%","(X)","(X)","(X)","(X)","(X)","2.5%","(X)","(X)","(X)","(X)","(X)","0.9%","(X)","(X)","(X)","(X)","(X)","2.6%","(X)","(X)","(X)","(X)","(X)","1.3%","(X)","(X)","(X)","(X)","(X)","3.2%","(X)","(X)","(X)","(X)","(X)","1.8%","(X)","(X)","(X)","(X)","(X)","2.2%","(X)","(X)","(X)","(X)","(X)","1.5%","(X)","(X)","(X)","(X)","(X)","1.7%","(X)","(X)","(X)","(X)","(X)","1.9%","(X)","(X)","(X)","(X)","(X)","3.0%","(X)","(X)","(X)","(X)","(X)","2.5%","(X)","(X)","(X)","(X)","(X)","1.1%","(X)","(X)","(X)","(X)","(X)","1.7%","(X)","(X)","(X)","(X)","(X)","1.9%","(X)","(X)","(X)","(X)","(X)","0.7%","(X)","(X)","(X)","(X)","(X)","2.0%","(X)","(X)","(X)","(X)","(X)","1.1%","(X)","(X)","(X)","(X)","(X)","1.9%","(X)","(X)","(X)","(X)","(X)","2.6%","(X)","(X)","(X)","(X)","(X)","1.9%","(X)","(X)","(X)","(X)","(X)","1.1%","(X)","(X)","(X)","(X)","(X)","1.5%","(X)","(X)","(X)","(X)","(X)","1.9%","(X)","(X)","(X)","(X)","(X)","1.6%","(X)","(X)","(X)","(X)","(X)","1.6%","(X)","(X)","(X)","(X)","(X)","1.9%","(X)","(X)","(X)","(X)","(X)","1.1%","(X)","(X)","(X)","(X)","(X)","2.3%","(X)","(X)","(X)","(X)","(X)","1.6%","(X)","(X)","(X)","(X)","(X)","1.5%","(X)","(X)","(X)","(X)","(X)","1.8%","(X)","(X)","(X)","(X)","(X)","2.0%","(X)","(X)","(X)","(X)","(X)","1.5%","(X)","(X)","(X)","(X)","(X)","1.5%","(X)","(X)","(X)","(X)","(X)","1.5%","(X)","(X)","(X)","(X)","(X)"